entry_id,class_name,class_teacher,day,period_index,period_name,period_time,subject,teacher,room_type,raw_value
1,CLASS 1 Rose,Swati Napit,Monday,0,Morning Assembly,07:50 to 08:20,Morning Assembly,,Classroom,Morning Assembly
2,CLASS 1 Rose,Swati Napit,Monday,1,1st Period,08:30 to 9:15,Yoga,Pradeep,Activity Hall,Yoga_Pradeep
3,CLASS 1 Rose,Swati Napit,Monday,2,2nd Period,9:15 to 10:00,Hindi,Swati Napit,Classroom,Hindi_Swati Napit
4,CLASS 1 Rose,Swati Napit,Monday,3,3rd Period,10:00 to 10:45,Dictation & Cursive,Swati Napit,Classroom,Dictation & Cursive_Swati Napit
5,CLASS 1 Rose,Swati Napit,Monday,4,Lunch,10:45 to 11:05,Lunch,Swati Napit,Classroom,Lunch _ Swati Napit
6,CLASS 1 Rose,Swati Napit,Monday,5,4th Period,11:05 to 11:50,Eng,Swati Napit,Classroom,Eng_Swati Napit
7,CLASS 1 Rose,Swati Napit,Monday,6,5th Period,11:50 to 12:30,Art & Craft,Swati Napit,Classroom,Art & Craft_Swati Napit
8,CLASS 1 Rose,Swati Napit,Monday,7,6th Period,12:30 to 1:10,EVS,Swati Napit,Classroom,EVS_Swati Napit
9,CLASS 1 Rose,Swati Napit,Monday,8,7th Period,1:10 to 1:50,,,Classroom,
10,CLASS 1 Rose,Swati Napit,Tuesday,0,Morning Assembly,07:50 to 08:20,Morning Assembly,,Classroom,Morning Assembly
11,CLASS 1 Rose,Swati Napit,Tuesday,1,1st Period,08:30 to 9:15,Eng,Swati Napit,Classroom,Eng_Swati Napit
12,CLASS 1 Rose,Swati Napit,Tuesday,2,2nd Period,9:15 to 10:00,Hindi,Swati Napit,Classroom,Hindi_Swati Napit
13,CLASS 1 Rose,Swati Napit,Tuesday,3,3rd Period,10:00 to 10:45,Games,Shikha Mishra,Ground,Games_Shikha Mishra
14,CLASS 1 Rose,Swati Napit,Tuesday,4,Lunch,10:45 to 11:05,Lunch,Swati Napit,Classroom,Lunch _ Swati Napit
15,CLASS 1 Rose,Swati Napit,Tuesday,5,4th Period,11:05 to 11:50,Games,Komal,Ground,Games_Komal
16,CLASS 1 Rose,Swati Napit,Tuesday,6,5th Period,11:50 to 12:30,Maths,Swati Napit,Classroom,Maths_Swati Napit
17,CLASS 1 Rose,Swati Napit,Tuesday,7,6th Period,12:30 to 1:10,EVS,Swati Napit,Classroom,EVS_Swati Napit
18,CLASS 1 Rose,Swati Napit,Tuesday,8,7th Period,1:10 to 1:50,,,Classroom,
19,CLASS 1 Rose,Swati Napit,Wednesday,0,Morning Assembly,07:50 to 08:20,Morning Assembly,,Classroom,Morning Assembly
20,CLASS 1 Rose,Swati Napit,Wednesday,1,1st Period,08:30 to 9:15,Eng,Swati Napit,Classroom,Eng_Swati Napit
21,CLASS 1 Rose,Swati Napit,Wednesday,2,2nd Period,9:15 to 10:00,Hindi,Swati Napit,Classroom,Hindi_Swati Napit
22,CLASS 1 Rose,Swati Napit,Wednesday,3,3rd Period,10:00 to 10:45,Dictation & Cursive,Swati Napit,Classroom,Dictation & Cursive_Swati Napit
23,CLASS 1 Rose,Swati Napit,Wednesday,4,Lunch,10:45 to 11:05,Lunch,Swati Napit,Classroom,Lunch _ Swati Napit
24,CLASS 1 Rose,Swati Napit,Wednesday,5,4th Period,11:05 to 11:50,Eng Read,Swati Napit,Classroom,Eng Read_Swati Napit
25,CLASS 1 Rose,Swati Napit,Wednesday,6,5th Period,11:50 to 12:30,Maths,Swati Napit,Classroom,Maths_Swati Napit
26,CLASS 1 Rose,Swati Napit,Wednesday,7,6th Period,12:30 to 1:10,EVS,Swati Napit,Classroom,EVS_Swati Napit
27,CLASS 1 Rose,Swati Napit,Wednesday,8,7th Period,1:10 to 1:50,,,Classroom,
28,CLASS 1 Rose,Swati Napit,Thursday,0,Morning Assembly,07:50 to 08:20,Morning Assembly,,Classroom,Morning Assembly
29,CLASS 1 Rose,Swati Napit,Thursday,1,1st Period,08:30 to 9:15,IT,Avdesh,Classroom,IT_Avdesh
30,CLASS 1 Rose,Swati Napit,Thursday,2,2nd Period,9:15 to 10:00,Hindi,Swati Napit,Classroom,Hindi_Swati Napit
31,CLASS 1 Rose,Swati Napit,Thursday,3,3rd Period,10:00 to 10:45,Dictation & Cursive,Swati Napit,Classroom,Dictation & Cursive_Swati Napit
32,CLASS 1 Rose,Swati Napit,Thursday,4,Lunch,10:45 to 11:05,Lunch,Swati Napit,Classroom,Lunch _ Swati Napit
33,CLASS 1 Rose,Swati Napit,Thursday,5,4th Period,11:05 to 11:50,Eng,Swati Napit,Classroom,Eng_Swati Napit
34,CLASS 1 Rose,Swati Napit,Thursday,6,5th Period,11:50 to 12:30,Maths,Swati Napit,Classroom,Maths_Swati Napit
35,CLASS 1 Rose,Swati Napit,Thursday,7,6th Period,12:30 to 1:10,EVS,Swati Napit,Classroom,EVS_Swati Napit
36,CLASS 1 Rose,Swati Napit,Thursday,8,7th Period,1:10 to 1:50,,,Classroom,
37,CLASS 1 Rose,Swati Napit,Friday,0,Morning Assembly,07:50 to 08:20,Morning Assembly,,Classroom,Morning Assembly
38,CLASS 1 Rose,Swati Napit,Friday,1,1st Period,08:30 to 9:15,Eng Read,Swati Napit,Classroom,Eng Read_Swati Napit
39,CLASS 1 Rose,Swati Napit,Friday,2,2nd Period,9:15 to 10:00,Hindi Read,Swati Napit,Classroom,Hindi Read_Swati Napit
40,CLASS 1 Rose,Swati Napit,Friday,3,3rd Period,10:00 to 10:45,Dictation & Cursive,Swati Napit,Classroom,Dictation & Cursive_Swati Napit
41,CLASS 1 Rose,Swati Napit,Friday,4,Lunch,10:45 to 11:05,Lunch,Swati Napit,Classroom,Lunch _ Swati Napit
42,CLASS 1 Rose,Swati Napit,Friday,5,4th Period,11:05 to 11:50,GK,Swati Napit,Classroom,GK_Swati Napit
43,CLASS 1 Rose,Swati Napit,Friday,6,5th Period,11:50 to 12:30,Maths,Swati Napit,Classroom,Maths_Swati Napit
44,CLASS 1 Rose,Swati Napit,Friday,7,6th Period,12:30 to 1:10,Art & Craft,Swati Napit,Classroom,Art & Craft_Swati Napit
45,CLASS 1 Rose,Swati Napit,Friday,8,7th Period,1:10 to 1:50,,,Classroom,
46,CLASS 1 Rose,Swati Napit,Saturday,0,Morning Assembly,07:50 to 08:20,Morning Assembly,,Classroom,Morning Assembly
47,CLASS 1 Rose,Swati Napit,Saturday,1,1st Period,08:30 to 9:15,IT,Avdesh,Classroom,IT_Avdesh
48,CLASS 1 Rose,Swati Napit,Saturday,2,2nd Period,9:15 to 10:00,Hindi Read,Swati Napit,Classroom,Hindi Read_Swati Napit
49,CLASS 1 Rose,Swati Napit,Saturday,3,3rd Period,10:00 to 10:45,Dictation & Cursive,Swati Napit,Classroom,Dictation & Cursive_Swati Napit
50,CLASS 1 Rose,Swati Napit,Saturday,4,Lunch,10:45 to 11:05,Lunch,Swati Napit,Classroom,Lunch _ Swati Napit
51,CLASS 1 Rose,Swati Napit,Saturday,5,4th Period,11:05 to 11:50,GK,Swati Napit,Classroom,GK_Swati Napit
52,CLASS 1 Rose,Swati Napit,Saturday,6,5th Period,11:50 to 12:30,,,Classroom,
53,CLASS 1 Rose,Swati Napit,Saturday,7,6th Period,12:30 to 1:10,,,Classroom,
54,CLASS 1 Rose,Swati Napit,Saturday,8,7th Period,1:10 to 1:50,,,Classroom,
55,CLASS 1 Marigold,Anjali Jain,Monday,0,Morning Assembly,07:50 to 08:20,Morning Assembly,,Classroom,Morning Assembly
56,CLASS 1 Marigold,Anjali Jain,Monday,1,1st Period,08:30 to 9:15,Eng,Anjali Jain,Classroom,Eng_Anjali Jain
57,CLASS 1 Marigold,Anjali Jain,Monday,2,2nd Period,9:15 to 10:00,Hindi,Anjali Jain,Classroom,Hindi_Anjali Jain
58,CLASS 1 Marigold,Anjali Jain,Monday,3,3rd Period,10:00 to 10:45,Dictation & Cursive,Anjali Jain,Classroom,Dictation & Cursive_Anjali Jain
59,CLASS 1 Marigold,Anjali Jain,Monday,4,Lunch,10:45 to 11:05,Lunch,Anjali Jain,Classroom,Lunch _ Anjali Jain
60,CLASS 1 Marigold,Anjali Jain,Monday,5,4th Period,11:05 to 11:50,GK,Anjali Jain,Classroom,GK_Anjali Jain
61,CLASS 1 Marigold,Anjali Jain,Monday,6,5th Period,11:50 to 12:30,Yoga,Pradeep,Activity Hall,Yoga_Pradeep
62,CLASS 1 Marigold,Anjali Jain,Monday,7,6th Period,12:30 to 1:10,EVS,Anjali Jain,Classroom,EVS_Anjali Jain
63,CLASS 1 Marigold,Anjali Jain,Monday,8,7th Period,1:10 to 1:50,,,Classroom,
64,CLASS 1 Marigold,Anjali Jain,Tuesday,0,Morning Assembly,07:50 to 08:20,Morning Assembly,,Classroom,Morning Assembly
65,CLASS 1 Marigold,Anjali Jain,Tuesday,1,1st Period,08:30 to 9:15,Eng,Anjali Jain,Classroom,Eng_Anjali Jain
66,CLASS 1 Marigold,Anjali Jain,Tuesday,2,2nd Period,9:15 to 10:00,Hindi,Anjali Jain,Classroom,Hindi_Anjali Jain
67,CLASS 1 Marigold,Anjali Jain,Tuesday,3,3rd Period,10:00 to 10:45,Dictation & Cursive,Anjali Jain,Classroom,Dictation & Cursive_Anjali Jain
68,CLASS 1 Marigold,Anjali Jain,Tuesday,4,Lunch,10:45 to 11:05,Lunch,Anjali Jain,Classroom,Lunch _ Anjali Jain
69,CLASS 1 Marigold,Anjali Jain,Tuesday,5,4th Period,11:05 to 11:50,GK,Anjali Jain,Classroom,GK_Anjali Jain
70,CLASS 1 Marigold,Anjali Jain,Tuesday,6,5th Period,11:50 to 12:30,Games,Komal,Ground,Games_Komal
71,CLASS 1 Marigold,Anjali Jain,Tuesday,7,6th Period,12:30 to 1:10,EVS,Anjali Jain,Classroom,EVS_Anjali Jain
72,CLASS 1 Marigold,Anjali Jain,Tuesday,8,7th Period,1:10 to 1:50,,,Classroom,
73,CLASS 1 Marigold,Anjali Jain,Wednesday,0,Morning Assembly,07:50 to 08:20,Morning Assembly,,Classroom,Morning Assembly
74,CLASS 1 Marigold,Anjali Jain,Wednesday,1,1st Period,08:30 to 9:15,Eng,Anjali Jain,Classroom,Eng_Anjali Jain
75,CLASS 1 Marigold,Anjali Jain,Wednesday,2,2nd Period,9:15 to 10:00,Hindi,Anjali Jain,Classroom,Hindi_Anjali Jain
76,CLASS 1 Marigold,Anjali Jain,Wednesday,3,3rd Period,10:00 to 10:45,Dictation & Cursive,Anjali Jain,Classroom,Dictation & Cursive_Anjali Jain
77,CLASS 1 Marigold,Anjali Jain,Wednesday,4,Lunch,10:45 to 11:05,Lunch,Anjali Jain,Classroom,Lunch _ Anjali Jain
78,CLASS 1 Marigold,Anjali Jain,Wednesday,5,4th Period,11:05 to 11:50,Maths,Anjali Jain,Classroom,Maths_Anjali Jain
79,CLASS 1 Marigold,Anjali Jain,Wednesday,6,5th Period,11:50 to 12:30,Art & Craft,Anjali Jain,Classroom,Art & Craft_Anjali Jain
80,CLASS 1 Marigold,Anjali Jain,Wednesday,7,6th Period,12:30 to 1:10,EVS,Anjali Jain,Classroom,EVS_Anjali Jain
81,CLASS 1 Marigold,Anjali Jain,Wednesday,8,7th Period,1:10 to 1:50,,,Classroom,
82,CLASS 1 Marigold,Anjali Jain,Thursday,0,Morning Assembly,07:50 to 08:20,Morning Assembly,,Classroom,Morning Assembly
83,CLASS 1 Marigold,Anjali Jain,Thursday,1,1st Period,08:30 to 9:15,Eng,Anjali Jain,Classroom,Eng_Anjali Jain
84,CLASS 1 Marigold,Anjali Jain,Thursday,2,2nd Period,9:15 to 10:00,Hindi,Anjali Jain,Classroom,Hindi_Anjali Jain
85,CLASS 1 Marigold,Anjali Jain,Thursday,3,3rd Period,10:00 to 10:45,Dictation & Cursive,Anjali Jain,Classroom,Dictation & Cursive_Anjali Jain
86,CLASS 1 Marigold,Anjali Jain,Thursday,4,Lunch,10:45 to 11:05,Lunch,Anjali Jain,Classroom,Lunch _ Anjali Jain
87,CLASS 1 Marigold,Anjali Jain,Thursday,5,4th Period,11:05 to 11:50,Maths,Anjali Jain,Classroom,Maths_Anjali Jain
88,CLASS 1 Marigold,Anjali Jain,Thursday,6,5th Period,11:50 to 12:30,Maths,Anjali Jain,Classroom,Maths_Anjali Jain
89,CLASS 1 Marigold,Anjali Jain,Thursday,7,6th Period,12:30 to 1:10,EVS,Anjali Jain,Classroom,EVS_Anjali Jain
90,CLASS 1 Marigold,Anjali Jain,Thursday,8,7th Period,1:10 to 1:50,,,Classroom,
91,CLASS 1 Marigold,Anjali Jain,Friday,0,Morning Assembly,07:50 to 08:20,Morning Assembly,,Classroom,Morning Assembly
92,CLASS 1 Marigold,Anjali Jain,Friday,1,1st Period,08:30 to 9:15,Eng Read,Anjali Jain,Classroom,Eng Read_Anjali Jain
93,CLASS 1 Marigold,Anjali Jain,Friday,2,2nd Period,9:15 to 10:00,Hindi Read,Anjali Jain,Classroom,Hindi Read_Anjali Jain
94,CLASS 1 Marigold,Anjali Jain,Friday,3,3rd Period,10:00 to 10:45,Games,Shikha Mishra,Ground,Games_Shikha Mishra
95,CLASS 1 Marigold,Anjali Jain,Friday,4,Lunch,10:45 to 11:05,Lunch,Anjali Jain,Classroom,Lunch _ Anjali Jain
96,CLASS 1 Marigold,Anjali Jain,Friday,5,4th Period,11:05 to 11:50,IT,Anjali Jain,Classroom,IT_Anjali Jain
97,CLASS 1 Marigold,Anjali Jain,Friday,6,5th Period,11:50 to 12:30,Maths,Anjali Jain,Classroom,Maths_Anjali Jain
98,CLASS 1 Marigold,Anjali Jain,Friday,7,6th Period,12:30 to 1:10,Art & Craft,Anjali Jain,Classroom,Art & Craft_Anjali Jain
99,CLASS 1 Marigold,Anjali Jain,Friday,8,7th Period,1:10 to 1:50,,,Classroom,
100,CLASS 1 Marigold,Anjali Jain,Saturday,0,Morning Assembly,07:50 to 08:20,Morning Assembly,,Classroom,Morning Assembly
101,CLASS 1 Marigold,Anjali Jain,Saturday,1,1st Period,08:30 to 9:15,Eng Read,Anjali Jain,Classroom,Eng Read_Anjali Jain
102,CLASS 1 Marigold,Anjali Jain,Saturday,2,2nd Period,9:15 to 10:00,Hindi Read,Anjali Jain,Classroom,Hindi Read_Anjali Jain
103,CLASS 1 Marigold,Anjali Jain,Saturday,3,3rd Period,10:00 to 10:45,Dictation & Cursive,Anjali Jain,Classroom,Dictation & Cursive_Anjali Jain
104,CLASS 1 Marigold,Anjali Jain,Saturday,4,Lunch,10:45 to 11:05,Lunch,Anjali Jain,Classroom,Lunch _ Anjali Jain
105,CLASS 1 Marigold,Anjali Jain,Saturday,5,4th Period,11:05 to 11:50,IT,Anjali Jain,Classroom,IT_Anjali Jain
106,CLASS 1 Marigold,Anjali Jain,Saturday,6,5th Period,11:50 to 12:30,,,Classroom,
107,CLASS 1 Marigold,Anjali Jain,Saturday,7,6th Period,12:30 to 1:10,,,Classroom,
108,CLASS 1 Marigold,Anjali Jain,Saturday,8,7th Period,1:10 to 1:50,,,Classroom,
109,CLASS 1 Lily,Raji Jain,Monday,0,Morning Assembly,07:50 to 08:20,Morning Assembly,,Classroom,Morning Assembly
110,CLASS 1 Lily,Raji Jain,Monday,1,1st Period,08:30 to 9:15,Eng,Raji Jain,Classroom,Eng_Raji Jain
111,CLASS 1 Lily,Raji Jain,Monday,2,2nd Period,9:15 to 10:00,Hindi,Raji Jain,Classroom,Hindi_Raji Jain
112,CLASS 1 Lily,Raji Jain,Monday,3,3rd Period,10:00 to 10:45,Dictation & Cursive,Raji Jain,Classroom,Dictation & Cursive_Raji Jain
113,CLASS 1 Lily,Raji Jain,Monday,4,Lunch,10:45 to 11:05,Lunch,Raji Jain,Classroom,Lunch _ Raji Jain
114,CLASS 1 Lily,Raji Jain,Monday,5,4th Period,11:05 to 11:50,IT,Raji Jain,Classroom,IT_Raji Jain
115,CLASS 1 Lily,Raji Jain,Monday,6,5th Period,11:50 to 12:30,Maths,Raji Jain,Classroom,Maths_Raji Jain
116,CLASS 1 Lily,Raji Jain,Monday,7,6th Period,12:30 to 1:10,EVS,Raji Jain,Classroom,EVS_Raji Jain
117,CLASS 1 Lily,Raji Jain,Monday,8,7th Period,1:10 to 1:50,,,Classroom,
118,CLASS 1 Lily,Raji Jain,Tuesday,0,Morning Assembly,07:50 to 08:20,Morning Assembly,,Classroom,Morning Assembly
119,CLASS 1 Lily,Raji Jain,Tuesday,1,1st Period,08:30 to 9:15,Eng,Raji Jain,Classroom,Eng_Raji Jain
120,CLASS 1 Lily,Raji Jain,Tuesday,2,2nd Period,9:15 to 10:00,Hindi,Raji Jain,Classroom,Hindi_Raji Jain
121,CLASS 1 Lily,Raji Jain,Tuesday,3,3rd Period,10:00 to 10:45,Dictation & Cursive,Raji Jain,Classroom,Dictation & Cursive_Raji Jain
122,CLASS 1 Lily,Raji Jain,Tuesday,4,Lunch,10:45 to 11:05,Lunch,Raji Jain,Classroom,Lunch _ Raji Jain
123,CLASS 1 Lily,Raji Jain,Tuesday,5,4th Period,11:05 to 11:50,IT,Raji Jain,Classroom,IT_Raji Jain
124,CLASS 1 Lily,Raji Jain,Tuesday,6,5th Period,11:50 to 12:30,Maths,Raji Jain,Classroom,Maths_Raji Jain
125,CLASS 1 Lily,Raji Jain,Tuesday,7,6th Period,12:30 to 1:10,EVS,Raji Jain,Classroom,EVS_Raji Jain
126,CLASS 1 Lily,Raji Jain,Tuesday,8,7th Period,1:10 to 1:50,,,Classroom,
127,CLASS 1 Lily,Raji Jain,Wednesday,0,Morning Assembly,07:50 to 08:20,Morning Assembly,,Classroom,Morning Assembly
128,CLASS 1 Lily,Raji Jain,Wednesday,1,1st Period,08:30 to 9:15,Eng,Raji Jain,Classroom,Eng_Raji Jain
129,CLASS 1 Lily,Raji Jain,Wednesday,2,2nd Period,9:15 to 10:00,Hindi,Raji Jain,Classroom,Hindi_Raji Jain
130,CLASS 1 Lily,Raji Jain,Wednesday,3,3rd Period,10:00 to 10:45,Dictation & Cursive,Raji Jain,Classroom,Dictation & Cursive_Raji Jain
131,CLASS 1 Lily,Raji Jain,Wednesday,4,Lunch,10:45 to 11:05,Lunch,Raji Jain,Classroom,Lunch _ Raji Jain
132,CLASS 1 Lily,Raji Jain,Wednesday,5,4th Period,11:05 to 11:50,GK,Raji Jain,Classroom,GK_Raji Jain
133,CLASS 1 Lily,Raji Jain,Wednesday,6,5th Period,11:50 to 12:30,Maths,Raji Jain,Classroom,Maths_Raji Jain
134,CLASS 1 Lily,Raji Jain,Wednesday,7,6th Period,12:30 to 1:10,EVS,Raji Jain,Classroom,EVS_Raji Jain
135,CLASS 1 Lily,Raji Jain,Wednesday,8,7th Period,1:10 to 1:50,,,Classroom,
136,CLASS 1 Lily,Raji Jain,Thursday,0,Morning Assembly,07:50 to 08:20,Morning Assembly,,Classroom,Morning Assembly
137,CLASS 1 Lily,Raji Jain,Thursday,1,1st Period,08:30 to 9:15,Eng,Raji Jain,Classroom,Eng_Raji Jain
138,CLASS 1 Lily,Raji Jain,Thursday,2,2nd Period,9:15 to 10:00,Hindi,Raji Jain,Classroom,Hindi_Raji Jain
139,CLASS 1 Lily,Raji Jain,Thursday,3,3rd Period,10:00 to 10:45,Games,Komal,Ground,Games_Komal
140,CLASS 1 Lily,Raji Jain,Thursday,4,Lunch,10:45 to 11:05,Lunch,Raji Jain,Classroom,Lunch _ Raji Jain
141,CLASS 1 Lily,Raji Jain,Thursday,5,4th Period,11:05 to 11:50,GK,Raji Jain,Classroom,GK_Raji Jain
142,CLASS 1 Lily,Raji Jain,Thursday,6,5th Period,11:50 to 12:30,Art & Craft,Raji Jain,Classroom,Art & Craft_Raji Jain
143,CLASS 1 Lily,Raji Jain,Thursday,7,6th Period,12:30 to 1:10,EVS,Raji Jain,Classroom,EVS_Raji Jain
144,CLASS 1 Lily,Raji Jain,Thursday,8,7th Period,1:10 to 1:50,,,Classroom,
145,CLASS 1 Lily,Raji Jain,Friday,0,Morning Assembly,07:50 to 08:20,Morning Assembly,,Classroom,Morning Assembly
146,CLASS 1 Lily,Raji Jain,Friday,1,1st Period,08:30 to 9:15,Eng Read,Raji Jain,Classroom,Eng Read_Raji Jain
147,CLASS 1 Lily,Raji Jain,Friday,2,2nd Period,9:15 to 10:00,Hindi Read,Raji Jain,Classroom,Hindi Read_Raji Jain
148,CLASS 1 Lily,Raji Jain,Friday,3,3rd Period,10:00 to 10:45,Dictation & Cursive,Raji Jain,Classroom,Dictation & Cursive_Raji Jain
149,CLASS 1 Lily,Raji Jain,Friday,4,Lunch,10:45 to 11:05,Lunch,Raji Jain,Classroom,Lunch _ Raji Jain
150,CLASS 1 Lily,Raji Jain,Friday,5,4th Period,11:05 to 11:50,Maths,Raji Jain,Classroom,Maths_Raji Jain
151,CLASS 1 Lily,Raji Jain,Friday,6,5th Period,11:50 to 12:30,Games,Shikha Mishra,Ground,Games_Shikha Mishra
152,CLASS 1 Lily,Raji Jain,Friday,7,6th Period,12:30 to 1:10,Art & Craft,Raji Jain,Classroom,Art & Craft_Raji Jain
153,CLASS 1 Lily,Raji Jain,Friday,8,7th Period,1:10 to 1:50,,,Classroom,
154,CLASS 1 Lily,Raji Jain,Saturday,0,Morning Assembly,07:50 to 08:20,Morning Assembly,,Classroom,Morning Assembly
155,CLASS 1 Lily,Raji Jain,Saturday,1,1st Period,08:30 to 9:15,Eng Read,Raji Jain,Classroom,Eng Read_Raji Jain
156,CLASS 1 Lily,Raji Jain,Saturday,2,2nd Period,9:15 to 10:00,Hindi Read,Raji Jain,Classroom,Hindi Read_Raji Jain
157,CLASS 1 Lily,Raji Jain,Saturday,3,3rd Period,10:00 to 10:45,Yoga,Pradeep,Activity Hall,Yoga_Pradeep
158,CLASS 1 Lily,Raji Jain,Saturday,4,Lunch,10:45 to 11:05,Lunch,Raji Jain,Classroom,Lunch _ Raji Jain
159,CLASS 1 Lily,Raji Jain,Saturday,5,4th Period,11:05 to 11:50,Maths,Raji Jain,Classroom,Maths_Raji Jain
160,CLASS 1 Lily,Raji Jain,Saturday,6,5th Period,11:50 to 12:30,,,Classroom,
161,CLASS 1 Lily,Raji Jain,Saturday,7,6th Period,12:30 to 1:10,,,Classroom,
162,CLASS 1 Lily,Raji Jain,Saturday,8,7th Period,1:10 to 1:50,,,Classroom,
163,CLASS 1 Sunflower,Sanskriti Singhai,Monday,0,Morning Assembly,07:50 to 08:20,Morning Assembly,,Classroom,Morning Assembly
164,CLASS 1 Sunflower,Sanskriti Singhai,Monday,1,1st Period,08:30 to 9:15,Eng,Sanskriti Singhai,Classroom,Eng_Sanskriti Singhai
165,CLASS 1 Sunflower,Sanskriti Singhai,Monday,2,2nd Period,9:15 to 10:00,Hindi,Sanskriti Singhai,Classroom,Hindi_Sanskriti Singhai
166,CLASS 1 Sunflower,Sanskriti Singhai,Monday,3,3rd Period,10:00 to 10:45,EVS,Sanskriti Singhai,Classroom,EVS_Sanskriti Singhai
167,CLASS 1 Sunflower,Sanskriti Singhai,Monday,4,Lunch,10:45 to 11:05,Lunch,Sanskriti Singhai,Classroom,Lunch _ Sanskriti Singhai
168,CLASS 1 Sunflower,Sanskriti Singhai,Monday,5,4th Period,11:05 to 11:50,Maths,Sanskriti Singhai,Classroom,Maths_Sanskriti Singhai
169,CLASS 1 Sunflower,Sanskriti Singhai,Monday,6,5th Period,11:50 to 12:30,IT,Sanskriti Singhai,Classroom,IT_Sanskriti Singhai
170,CLASS 1 Sunflower,Sanskriti Singhai,Monday,7,6th Period,12:30 to 1:10,Dictation & Cursive,Sanskriti Singhai,Classroom,Dictation & Cursive_Sanskriti Singhai
171,CLASS 1 Sunflower,Sanskriti Singhai,Monday,8,7th Period,1:10 to 1:50,,,Classroom,
172,CLASS 1 Sunflower,Sanskriti Singhai,Tuesday,0,Morning Assembly,07:50 to 08:20,Morning Assembly,,Classroom,Morning Assembly
173,CLASS 1 Sunflower,Sanskriti Singhai,Tuesday,1,1st Period,08:30 to 9:15,Eng,Sanskriti Singhai,Classroom,Eng_Sanskriti Singhai
174,CLASS 1 Sunflower,Sanskriti Singhai,Tuesday,2,2nd Period,9:15 to 10:00,Hindi,Sanskriti Singhai,Classroom,Hindi_Sanskriti Singhai
175,CLASS 1 Sunflower,Sanskriti Singhai,Tuesday,3,3rd Period,10:00 to 10:45,EVS,Sanskriti Singhai,Classroom,EVS_Sanskriti Singhai
176,CLASS 1 Sunflower,Sanskriti Singhai,Tuesday,4,Lunch,10:45 to 11:05,Lunch,Sanskriti Singhai,Classroom,Lunch _ Sanskriti Singhai
177,CLASS 1 Sunflower,Sanskriti Singhai,Tuesday,5,4th Period,11:05 to 11:50,Maths,Sanskriti Singhai,Classroom,Maths_Sanskriti Singhai
178,CLASS 1 Sunflower,Sanskriti Singhai,Tuesday,6,5th Period,11:50 to 12:30,IT,Sanskriti Singhai,Classroom,IT_Sanskriti Singhai
179,CLASS 1 Sunflower,Sanskriti Singhai,Tuesday,7,6th Period,12:30 to 1:10,Games,Shikha Mishra,Ground,Games_Shikha Mishra
180,CLASS 1 Sunflower,Sanskriti Singhai,Tuesday,8,7th Period,1:10 to 1:50,,,Classroom,
181,CLASS 1 Sunflower,Sanskriti Singhai,Wednesday,0,Morning Assembly,07:50 to 08:20,Morning Assembly,,Classroom,Morning Assembly
182,CLASS 1 Sunflower,Sanskriti Singhai,Wednesday,1,1st Period,08:30 to 9:15,Eng,Sanskriti Singhai,Classroom,Eng_Sanskriti Singhai
183,CLASS 1 Sunflower,Sanskriti Singhai,Wednesday,2,2nd Period,9:15 to 10:00,Hindi,Sanskriti Singhai,Classroom,Hindi_Sanskriti Singhai
184,CLASS 1 Sunflower,Sanskriti Singhai,Wednesday,3,3rd Period,10:00 to 10:45,EVS,Sanskriti Singhai,Classroom,EVS_Sanskriti Singhai
185,CLASS 1 Sunflower,Sanskriti Singhai,Wednesday,4,Lunch,10:45 to 11:05,Lunch,Sanskriti Singhai,Classroom,Lunch _ Sanskriti Singhai
186,CLASS 1 Sunflower,Sanskriti Singhai,Wednesday,5,4th Period,11:05 to 11:50,Maths,Sanskriti Singhai,Classroom,Maths_Sanskriti Singhai
187,CLASS 1 Sunflower,Sanskriti Singhai,Wednesday,6,5th Period,11:50 to 12:30,Art & Craft,Sanskriti Singhai,Classroom,Art & Craft_Sanskriti Singhai
188,CLASS 1 Sunflower,Sanskriti Singhai,Wednesday,7,6th Period,12:30 to 1:10,Hindi,Sanskriti Singhai,Classroom,Hindi_Sanskriti Singhai
189,CLASS 1 Sunflower,Sanskriti Singhai,Wednesday,8,7th Period,1:10 to 1:50,,,Classroom,
190,CLASS 1 Sunflower,Sanskriti Singhai,Thursday,0,Morning Assembly,07:50 to 08:20,Morning Assembly,,Classroom,Morning Assembly
191,CLASS 1 Sunflower,Sanskriti Singhai,Thursday,1,1st Period,08:30 to 9:15,Eng,Sanskriti Singhai,Classroom,Eng_Sanskriti Singhai
192,CLASS 1 Sunflower,Sanskriti Singhai,Thursday,2,2nd Period,9:15 to 10:00,Yoga,Pradeep,Activity Hall,Yoga_Pradeep
193,CLASS 1 Sunflower,Sanskriti Singhai,Thursday,3,3rd Period,10:00 to 10:45,EVS,Sanskriti Singhai,Classroom,EVS_Sanskriti Singhai
194,CLASS 1 Sunflower,Sanskriti Singhai,Thursday,4,Lunch,10:45 to 11:05,Lunch,Sanskriti Singhai,Classroom,Lunch _ Sanskriti Singhai
195,CLASS 1 Sunflower,Sanskriti Singhai,Thursday,5,4th Period,11:05 to 11:50,Hindi,Sanskriti Singhai,Classroom,Hindi_Sanskriti Singhai
196,CLASS 1 Sunflower,Sanskriti Singhai,Thursday,6,5th Period,11:50 to 12:30,Art & Craft,Sanskriti Singhai,Classroom,Art & Craft_Sanskriti Singhai
197,CLASS 1 Sunflower,Sanskriti Singhai,Thursday,7,6th Period,12:30 to 1:10,Dictation & Cursive,Sanskriti Singhai,Classroom,Dictation & Cursive_Sanskriti Singhai
198,CLASS 1 Sunflower,Sanskriti Singhai,Thursday,8,7th Period,1:10 to 1:50,,,Classroom,
199,CLASS 1 Sunflower,Sanskriti Singhai,Friday,0,Morning Assembly,07:50 to 08:20,Morning Assembly,,Classroom,Morning Assembly
200,CLASS 1 Sunflower,Sanskriti Singhai,Friday,1,1st Period,08:30 to 9:15,Eng Read,Sanskriti Singhai,Classroom,Eng Read_Sanskriti Singhai
201,CLASS 1 Sunflower,Sanskriti Singhai,Friday,2,2nd Period,9:15 to 10:00,Hindi Read,Sanskriti Singhai,Classroom,Hindi Read_Sanskriti Singhai
202,CLASS 1 Sunflower,Sanskriti Singhai,Friday,3,3rd Period,10:00 to 10:45,EVS,Sanskriti Singhai,Classroom,EVS_Sanskriti Singhai
203,CLASS 1 Sunflower,Sanskriti Singhai,Friday,4,Lunch,10:45 to 11:05,Lunch,Sanskriti Singhai,Classroom,Lunch _ Sanskriti Singhai
204,CLASS 1 Sunflower,Sanskriti Singhai,Friday,5,4th Period,11:05 to 11:50,GK,Sanskriti Singhai,Classroom,GK_Sanskriti Singhai
205,CLASS 1 Sunflower,Sanskriti Singhai,Friday,6,5th Period,11:50 to 12:30,Dictation & Cursive,Sanskriti Singhai,Classroom,Dictation & Cursive_Sanskriti Singhai
206,CLASS 1 Sunflower,Sanskriti Singhai,Friday,7,6th Period,12:30 to 1:10,Games,Komal,Ground,Games_Komal
207,CLASS 1 Sunflower,Sanskriti Singhai,Friday,8,7th Period,1:10 to 1:50,,,Classroom,
208,CLASS 1 Sunflower,Sanskriti Singhai,Saturday,0,Morning Assembly,07:50 to 08:20,Morning Assembly,,Classroom,Morning Assembly
209,CLASS 1 Sunflower,Sanskriti Singhai,Saturday,1,1st Period,08:30 to 9:15,Eng Read,Sanskriti Singhai,Classroom,Eng Read_Sanskriti Singhai
210,CLASS 1 Sunflower,Sanskriti Singhai,Saturday,2,2nd Period,9:15 to 10:00,Hindi Read,Sanskriti Singhai,Classroom,Hindi Read_Sanskriti Singhai
211,CLASS 1 Sunflower,Sanskriti Singhai,Saturday,3,3rd Period,10:00 to 10:45,Dictation & Cursive,Sanskriti Singhai,Classroom,Dictation & Cursive_Sanskriti Singhai
212,CLASS 1 Sunflower,Sanskriti Singhai,Saturday,4,Lunch,10:45 to 11:05,Lunch,Sanskriti Singhai,Classroom,Lunch _ Sanskriti Singhai
213,CLASS 1 Sunflower,Sanskriti Singhai,Saturday,5,4th Period,11:05 to 11:50,GK,Sanskriti Singhai,Classroom,GK_Sanskriti Singhai
214,CLASS 1 Sunflower,Sanskriti Singhai,Saturday,6,5th Period,11:50 to 12:30,,,Classroom,
215,CLASS 1 Sunflower,Sanskriti Singhai,Saturday,7,6th Period,12:30 to 1:10,,,Classroom,
216,CLASS 1 Sunflower,Sanskriti Singhai,Saturday,8,7th Period,1:10 to 1:50,,,Classroom,
217,CLASS 2 Rose,Reenu Yadav,Monday,0,Morning Assembly,07:50 to 08:20,Morning Assembly,,Classroom,Morning Assembly
218,CLASS 2 Rose,Reenu Yadav,Monday,1,1st Period,08:30 to 9:15,Eng,Reenu Yadav,Classroom,Eng_Reenu Yadav
219,CLASS 2 Rose,Reenu Yadav,Monday,2,2nd Period,9:15 to 10:00,Hindi,Reenu Yadav,Classroom,Hindi_Reenu Yadav
220,CLASS 2 Rose,Reenu Yadav,Monday,3,3rd Period,10:00 to 10:45,EVS,Reenu Yadav,Classroom,EVS_Reenu Yadav
221,CLASS 2 Rose,Reenu Yadav,Monday,4,Lunch,10:45 to 11:05,Lunch,Reenu Yadav,Classroom,Lunch _ Reenu Yadav
222,CLASS 2 Rose,Reenu Yadav,Monday,5,4th Period,11:05 to 11:50,Games,Shikha Mishra,Ground,Games_Shikha Mishra
223,CLASS 2 Rose,Reenu Yadav,Monday,6,5th Period,11:50 to 12:30,Maths,Reenu Yadav,Classroom,Maths_Reenu Yadav
224,CLASS 2 Rose,Reenu Yadav,Monday,7,6th Period,12:30 to 1:10,IT,Kalyani Choudhary,Classroom,IT_Kalyani Choudhary
225,CLASS 2 Rose,Reenu Yadav,Monday,8,7th Period,1:10 to 1:50,,,Classroom,
226,CLASS 2 Rose,Reenu Yadav,Tuesday,0,Morning Assembly,07:50 to 08:20,Morning Assembly,,Classroom,Morning Assembly
227,CLASS 2 Rose,Reenu Yadav,Tuesday,1,1st Period,08:30 to 9:15,Games,Komal,Ground,Games_Komal
228,CLASS 2 Rose,Reenu Yadav,Tuesday,2,2nd Period,9:15 to 10:00,Hindi,Reenu Yadav,Classroom,Hindi_Reenu Yadav
229,CLASS 2 Rose,Reenu Yadav,Tuesday,3,3rd Period,10:00 to 10:45,Dictation & Cursive,Reenu Yadav,Classroom,Dictation & Cursive_Reenu Yadav
230,CLASS 2 Rose,Reenu Yadav,Tuesday,4,Lunch,10:45 to 11:05,Lunch,Reenu Yadav,Classroom,Lunch _ Reenu Yadav
231,CLASS 2 Rose,Reenu Yadav,Tuesday,5,4th Period,11:05 to 11:50,Eng,Reenu Yadav,Classroom,Eng_Reenu Yadav
232,CLASS 2 Rose,Reenu Yadav,Tuesday,6,5th Period,11:50 to 12:30,Maths,Reenu Yadav,Classroom,Maths_Reenu Yadav
233,CLASS 2 Rose,Reenu Yadav,Tuesday,7,6th Period,12:30 to 1:10,IT,Kalyani Choudhary,Classroom,IT_Kalyani Choudhary
234,CLASS 2 Rose,Reenu Yadav,Tuesday,8,7th Period,1:10 to 1:50,,,Classroom,
235,CLASS 2 Rose,Reenu Yadav,Wednesday,0,Morning Assembly,07:50 to 08:20,Morning Assembly,,Classroom,Morning Assembly
236,CLASS 2 Rose,Reenu Yadav,Wednesday,1,1st Period,08:30 to 9:15,Eng,Reenu Yadav,Classroom,Eng_Reenu Yadav
237,CLASS 2 Rose,Reenu Yadav,Wednesday,2,2nd Period,9:15 to 10:00,Hindi,Reenu Yadav,Classroom,Hindi_Reenu Yadav
238,CLASS 2 Rose,Reenu Yadav,Wednesday,3,3rd Period,10:00 to 10:45,EVS,Reenu Yadav,Classroom,EVS_Reenu Yadav
239,CLASS 2 Rose,Reenu Yadav,Wednesday,4,Lunch,10:45 to 11:05,Lunch,Reenu Yadav,Classroom,Lunch _ Reenu Yadav
240,CLASS 2 Rose,Reenu Yadav,Wednesday,5,4th Period,11:05 to 11:50,Dictation & Cursive,Reenu Yadav,Classroom,Dictation & Cursive_Reenu Yadav
241,CLASS 2 Rose,Reenu Yadav,Wednesday,6,5th Period,11:50 to 12:30,Maths,Reenu Yadav,Classroom,Maths_Reenu Yadav
242,CLASS 2 Rose,Reenu Yadav,Wednesday,7,6th Period,12:30 to 1:10,GK,Reenu Yadav,Classroom,GK_Reenu Yadav
243,CLASS 2 Rose,Reenu Yadav,Wednesday,8,7th Period,1:10 to 1:50,,,Classroom,
244,CLASS 2 Rose,Reenu Yadav,Thursday,0,Morning Assembly,07:50 to 08:20,Morning Assembly,,Classroom,Morning Assembly
245,CLASS 2 Rose,Reenu Yadav,Thursday,1,1st Period,08:30 to 9:15,Eng,Reenu Yadav,Classroom,Eng_Reenu Yadav
246,CLASS 2 Rose,Reenu Yadav,Thursday,2,2nd Period,9:15 to 10:00,Hindi,Reenu Yadav,Classroom,Hindi_Reenu Yadav
247,CLASS 2 Rose,Reenu Yadav,Thursday,3,3rd Period,10:00 to 10:45,EVS,Reenu Yadav,Classroom,EVS_Reenu Yadav
248,CLASS 2 Rose,Reenu Yadav,Thursday,4,Lunch,10:45 to 11:05,Lunch,Reenu Yadav,Classroom,Lunch _ Reenu Yadav
249,CLASS 2 Rose,Reenu Yadav,Thursday,5,4th Period,11:05 to 11:50,Dictation & Cursive,Reenu Yadav,Classroom,Dictation & Cursive_Reenu Yadav
250,CLASS 2 Rose,Reenu Yadav,Thursday,6,5th Period,11:50 to 12:30,Maths,Reenu Yadav,Classroom,Maths_Reenu Yadav
251,CLASS 2 Rose,Reenu Yadav,Thursday,7,6th Period,12:30 to 1:10,Art & Craft,Reenu Yadav,Classroom,Art & Craft_Reenu Yadav
252,CLASS 2 Rose,Reenu Yadav,Thursday,8,7th Period,1:10 to 1:50,,,Classroom,
253,CLASS 2 Rose,Reenu Yadav,Friday,0,Morning Assembly,07:50 to 08:20,Morning Assembly,,Classroom,Morning Assembly
254,CLASS 2 Rose,Reenu Yadav,Friday,1,1st Period,08:30 to 9:15,Eng Read,Reenu Yadav,Classroom,Eng Read_Reenu Yadav
255,CLASS 2 Rose,Reenu Yadav,Friday,2,2nd Period,9:15 to 10:00,Hindi Read,Reenu Yadav,Classroom,Hindi Read_Reenu Yadav
256,CLASS 2 Rose,Reenu Yadav,Friday,3,3rd Period,10:00 to 10:45,EVS,Reenu Yadav,Classroom,EVS_Reenu Yadav
257,CLASS 2 Rose,Reenu Yadav,Friday,4,Lunch,10:45 to 11:05,Lunch,Reenu Yadav,Classroom,Lunch _ Reenu Yadav
258,CLASS 2 Rose,Reenu Yadav,Friday,5,4th Period,11:05 to 11:50,Dictation & Cursive,Reenu Yadav,Classroom,Dictation & Cursive_Reenu Yadav
259,CLASS 2 Rose,Reenu Yadav,Friday,6,5th Period,11:50 to 12:30,GK,Reenu Yadav,Classroom,GK_Reenu Yadav
260,CLASS 2 Rose,Reenu Yadav,Friday,7,6th Period,12:30 to 1:10,Art & Craft,Reenu Yadav,Classroom,Art & Craft_Reenu Yadav
261,CLASS 2 Rose,Reenu Yadav,Friday,8,7th Period,1:10 to 1:50,,,Classroom,
262,CLASS 2 Rose,Reenu Yadav,Saturday,0,Morning Assembly,07:50 to 08:20,Morning Assembly,,Classroom,Morning Assembly
263,CLASS 2 Rose,Reenu Yadav,Saturday,1,1st Period,08:30 to 9:15,Eng Read,Reenu Yadav,Classroom,Eng Read_Reenu Yadav
264,CLASS 2 Rose,Reenu Yadav,Saturday,2,2nd Period,9:15 to 10:00,Hindi Read,Reenu Yadav,Classroom,Hindi Read_Reenu Yadav
265,CLASS 2 Rose,Reenu Yadav,Saturday,3,3rd Period,10:00 to 10:45,Dictation & Cursive,Reenu Yadav,Classroom,Dictation & Cursive_Reenu Yadav
266,CLASS 2 Rose,Reenu Yadav,Saturday,4,Lunch,10:45 to 11:05,Lunch,Reenu Yadav,Classroom,Lunch _ Reenu Yadav
267,CLASS 2 Rose,Reenu Yadav,Saturday,5,4th Period,11:05 to 11:50,Yoga,Pradeep,Activity Hall,Yoga_Pradeep
268,CLASS 2 Rose,Reenu Yadav,Saturday,6,5th Period,11:50 to 12:30,,,Classroom,
269,CLASS 2 Rose,Reenu Yadav,Saturday,7,6th Period,12:30 to 1:10,,,Classroom,
270,CLASS 2 Rose,Reenu Yadav,Saturday,8,7th Period,1:10 to 1:50,,,Classroom,
271,CLASS 2 Marigold,Arti Ahirwar,Monday,0,Morning Assembly,07:50 to 08:20,Morning Assembly,,Classroom,Morning Assembly
272,CLASS 2 Marigold,Arti Ahirwar,Monday,1,1st Period,08:30 to 9:15,Eng,Arti Ahirwar,Classroom,Eng_Arti Ahirwar
273,CLASS 2 Marigold,Arti Ahirwar,Monday,2,2nd Period,9:15 to 10:00,Hindi,Arti Ahirwar,Classroom,Hindi_Arti Ahirwar
274,CLASS 2 Marigold,Arti Ahirwar,Monday,3,3rd Period,10:00 to 10:45,Art & Craft,Rajaram,Classroom,Art & Craft_Rajaram
275,CLASS 2 Marigold,Arti Ahirwar,Monday,4,Lunch,10:45 to 11:05,Lunch,Arti Ahirwar,Classroom,Lunch _ Arti Ahirwar
276,CLASS 2 Marigold,Arti Ahirwar,Monday,5,4th Period,11:05 to 11:50,Dictation & Cursive,Arti Ahirwar,Classroom,Dictation & Cursive_Arti Ahirwar
277,CLASS 2 Marigold,Arti Ahirwar,Monday,6,5th Period,11:50 to 12:30,Maths,Arti Ahirwar,Classroom,Maths_Arti Ahirwar
278,CLASS 2 Marigold,Arti Ahirwar,Monday,7,6th Period,12:30 to 1:10,EVS,Arti Ahirwar,Classroom,EVS_Arti Ahirwar
279,CLASS 2 Marigold,Arti Ahirwar,Monday,8,7th Period,1:10 to 1:50,,,Classroom,
280,CLASS 2 Marigold,Arti Ahirwar,Tuesday,0,Morning Assembly,07:50 to 08:20,Morning Assembly,,Classroom,Morning Assembly
281,CLASS 2 Marigold,Arti Ahirwar,Tuesday,1,1st Period,08:30 to 9:15,Eng,Arti Ahirwar,Classroom,Eng_Arti Ahirwar
282,CLASS 2 Marigold,Arti Ahirwar,Tuesday,2,2nd Period,9:15 to 10:00,Hindi,Arti Ahirwar,Classroom,Hindi_Arti Ahirwar
283,CLASS 2 Marigold,Arti Ahirwar,Tuesday,3,3rd Period,10:00 to 10:45,Art & Craft,Rajaram,Classroom,Art & Craft_Rajaram
284,CLASS 2 Marigold,Arti Ahirwar,Tuesday,4,Lunch,10:45 to 11:05,Lunch,Arti Ahirwar,Classroom,Lunch _ Arti Ahirwar
285,CLASS 2 Marigold,Arti Ahirwar,Tuesday,5,4th Period,11:05 to 11:50,Games,Shikha Mishra,Ground,Games_Shikha Mishra
286,CLASS 2 Marigold,Arti Ahirwar,Tuesday,6,5th Period,11:50 to 12:30,Maths,Arti Ahirwar,Classroom,Maths_Arti Ahirwar
287,CLASS 2 Marigold,Arti Ahirwar,Tuesday,7,6th Period,12:30 to 1:10,EVS,Arti Ahirwar,Classroom,EVS_Arti Ahirwar
288,CLASS 2 Marigold,Arti Ahirwar,Tuesday,8,7th Period,1:10 to 1:50,,,Classroom,
289,CLASS 2 Marigold,Arti Ahirwar,Wednesday,0,Morning Assembly,07:50 to 08:20,Morning Assembly,,Classroom,Morning Assembly
290,CLASS 2 Marigold,Arti Ahirwar,Wednesday,1,1st Period,08:30 to 9:15,Yoga,Pradeep,Activity Hall,Yoga_Pradeep
291,CLASS 2 Marigold,Arti Ahirwar,Wednesday,2,2nd Period,9:15 to 10:00,Hindi,Arti Ahirwar,Classroom,Hindi_Arti Ahirwar
292,CLASS 2 Marigold,Arti Ahirwar,Wednesday,3,3rd Period,10:00 to 10:45,Games,Komal,Ground,Games_Komal
293,CLASS 2 Marigold,Arti Ahirwar,Wednesday,4,Lunch,10:45 to 11:05,Lunch,Arti Ahirwar,Classroom,Lunch _ Arti Ahirwar
294,CLASS 2 Marigold,Arti Ahirwar,Wednesday,5,4th Period,11:05 to 11:50,Eng,Arti Ahirwar,Classroom,Eng_Arti Ahirwar
295,CLASS 2 Marigold,Arti Ahirwar,Wednesday,6,5th Period,11:50 to 12:30,Maths,Arti Ahirwar,Classroom,Maths_Arti Ahirwar
296,CLASS 2 Marigold,Arti Ahirwar,Wednesday,7,6th Period,12:30 to 1:10,IT,Arti Ahirwar,Classroom,IT_Arti Ahirwar
297,CLASS 2 Marigold,Arti Ahirwar,Wednesday,8,7th Period,1:10 to 1:50,,,Classroom,
298,CLASS 2 Marigold,Arti Ahirwar,Thursday,0,Morning Assembly,07:50 to 08:20,Morning Assembly,,Classroom,Morning Assembly
299,CLASS 2 Marigold,Arti Ahirwar,Thursday,1,1st Period,08:30 to 9:15,Eng,Arti Ahirwar,Classroom,Eng_Arti Ahirwar
300,CLASS 2 Marigold,Arti Ahirwar,Thursday,2,2nd Period,9:15 to 10:00,Hindi,Arti Ahirwar,Classroom,Hindi_Arti Ahirwar
301,CLASS 2 Marigold,Arti Ahirwar,Thursday,3,3rd Period,10:00 to 10:45,GK,Arti Ahirwar,Classroom,GK_Arti Ahirwar
302,CLASS 2 Marigold,Arti Ahirwar,Thursday,4,Lunch,10:45 to 11:05,Lunch,Arti Ahirwar,Classroom,Lunch _ Arti Ahirwar
303,CLASS 2 Marigold,Arti Ahirwar,Thursday,5,4th Period,11:05 to 11:50,Dictation & Cursive,Arti Ahirwar,Classroom,Dictation & Cursive_Arti Ahirwar
304,CLASS 2 Marigold,Arti Ahirwar,Thursday,6,5th Period,11:50 to 12:30,Dictation & Cursive,Arti Ahirwar,Classroom,Dictation & Cursive_Arti Ahirwar
305,CLASS 2 Marigold,Arti Ahirwar,Thursday,7,6th Period,12:30 to 1:10,IT,Arti Ahirwar,Classroom,IT_Arti Ahirwar
306,CLASS 2 Marigold,Arti Ahirwar,Thursday,8,7th Period,1:10 to 1:50,,,Classroom,
307,CLASS 2 Marigold,Arti Ahirwar,Friday,0,Morning Assembly,07:50 to 08:20,Morning Assembly,,Classroom,Morning Assembly
308,CLASS 2 Marigold,Arti Ahirwar,Friday,1,1st Period,08:30 to 9:15,Eng Read,Arti Ahirwar,Classroom,Eng Read_Arti Ahirwar
309,CLASS 2 Marigold,Arti Ahirwar,Friday,2,2nd Period,9:15 to 10:00,Hindi Read,Arti Ahirwar,Classroom,Hindi Read_Arti Ahirwar
310,CLASS 2 Marigold,Arti Ahirwar,Friday,3,3rd Period,10:00 to 10:45,EVS,Arti Ahirwar,Classroom,EVS_Arti Ahirwar
311,CLASS 2 Marigold,Arti Ahirwar,Friday,4,Lunch,10:45 to 11:05,Lunch,Arti Ahirwar,Classroom,Lunch _ Arti Ahirwar
312,CLASS 2 Marigold,Arti Ahirwar,Friday,5,4th Period,11:05 to 11:50,Dictation & Cursive,Arti Ahirwar,Classroom,Dictation & Cursive_Arti Ahirwar
313,CLASS 2 Marigold,Arti Ahirwar,Friday,6,5th Period,11:50 to 12:30,Maths,Arti Ahirwar,Classroom,Maths_Arti Ahirwar
314,CLASS 2 Marigold,Arti Ahirwar,Friday,7,6th Period,12:30 to 1:10,GK,Arti Ahirwar,Classroom,GK_Arti Ahirwar
315,CLASS 2 Marigold,Arti Ahirwar,Friday,8,7th Period,1:10 to 1:50,,,Classroom,
316,CLASS 2 Marigold,Arti Ahirwar,Saturday,0,Morning Assembly,07:50 to 08:20,Morning Assembly,,Classroom,Morning Assembly
317,CLASS 2 Marigold,Arti Ahirwar,Saturday,1,1st Period,08:30 to 9:15,Eng Read,Arti Ahirwar,Classroom,Eng Read_Arti Ahirwar
318,CLASS 2 Marigold,Arti Ahirwar,Saturday,2,2nd Period,9:15 to 10:00,Hindi Read,Arti Ahirwar,Classroom,Hindi Read_Arti Ahirwar
319,CLASS 2 Marigold,Arti Ahirwar,Saturday,3,3rd Period,10:00 to 10:45,EVS,Arti Ahirwar,Classroom,EVS_Arti Ahirwar
320,CLASS 2 Marigold,Arti Ahirwar,Saturday,4,Lunch,10:45 to 11:05,Lunch,Arti Ahirwar,Classroom,Lunch _ Arti Ahirwar
321,CLASS 2 Marigold,Arti Ahirwar,Saturday,5,4th Period,11:05 to 11:50,Dictation & Cursive,Arti Ahirwar,Classroom,Dictation & Cursive_Arti Ahirwar
322,CLASS 2 Marigold,Arti Ahirwar,Saturday,6,5th Period,11:50 to 12:30,,,Classroom,
323,CLASS 2 Marigold,Arti Ahirwar,Saturday,7,6th Period,12:30 to 1:10,,,Classroom,
324,CLASS 2 Marigold,Arti Ahirwar,Saturday,8,7th Period,1:10 to 1:50,,,Classroom,
325,CLASS 2 Lily,Kalyani Choudhary,Monday,0,Morning Assembly,07:50 to 08:20,Morning Assembly,,Classroom,Morning Assembly
326,CLASS 2 Lily,Kalyani Choudhary,Monday,1,1st Period,08:30 to 9:15,Eng,Kalyani Choudhary,Classroom,Eng_Kalyani Choudhary
327,CLASS 2 Lily,Kalyani Choudhary,Monday,2,2nd Period,9:15 to 10:00,Hindi,Kalyani Choudhary,Classroom,Hindi_Kalyani Choudhary
328,CLASS 2 Lily,Kalyani Choudhary,Monday,3,3rd Period,10:00 to 10:45,EVS,Kalyani Choudhary,Classroom,EVS_Kalyani Choudhary
329,CLASS 2 Lily,Kalyani Choudhary,Monday,4,Lunch,10:45 to 11:05,Lunch,Kalyani Choudhary,Classroom,Lunch _ Kalyani Choudhary
330,CLASS 2 Lily,Kalyani Choudhary,Monday,5,4th Period,11:05 to 11:50,Dictation & Cursive,Kalyani Choudhary,Classroom,Dictation & Cursive_Kalyani Choudhary
331,CLASS 2 Lily,Kalyani Choudhary,Monday,6,5th Period,11:50 to 12:30,Maths,Kalyani Choudhary,Classroom,Maths_Kalyani Choudhary
332,CLASS 2 Lily,Kalyani Choudhary,Monday,7,6th Period,12:30 to 1:10,Yoga,Pradeep,Activity Hall,Yoga_Pradeep
333,CLASS 2 Lily,Kalyani Choudhary,Monday,8,7th Period,1:10 to 1:50,,,Classroom,
334,CLASS 2 Lily,Kalyani Choudhary,Tuesday,0,Morning Assembly,07:50 to 08:20,Morning Assembly,,Classroom,Morning Assembly
335,CLASS 2 Lily,Kalyani Choudhary,Tuesday,1,1st Period,08:30 to 9:15,Eng,Kalyani Choudhary,Classroom,Eng_Kalyani Choudhary
336,CLASS 2 Lily,Kalyani Choudhary,Tuesday,2,2nd Period,9:15 to 10:00,Hindi,Kalyani Choudhary,Classroom,Hindi_Kalyani Choudhary
337,CLASS 2 Lily,Kalyani Choudhary,Tuesday,3,3rd Period,10:00 to 10:45,EVS,Kalyani Choudhary,Classroom,EVS_Kalyani Choudhary
338,CLASS 2 Lily,Kalyani Choudhary,Tuesday,4,Lunch,10:45 to 11:05,Lunch,Kalyani Choudhary,Classroom,Lunch _ Kalyani Choudhary
339,CLASS 2 Lily,Kalyani Choudhary,Tuesday,5,4th Period,11:05 to 11:50,Dictation & Cursive,Kalyani Choudhary,Classroom,Dictation & Cursive_Kalyani Choudhary
340,CLASS 2 Lily,Kalyani Choudhary,Tuesday,6,5th Period,11:50 to 12:30,Maths,Kalyani Choudhary,Classroom,Maths_Kalyani Choudhary
341,CLASS 2 Lily,Kalyani Choudhary,Tuesday,7,6th Period,12:30 to 1:10,Games,Komal,Ground,Games_Komal
342,CLASS 2 Lily,Kalyani Choudhary,Tuesday,8,7th Period,1:10 to 1:50,,,Classroom,
343,CLASS 2 Lily,Kalyani Choudhary,Wednesday,0,Morning Assembly,07:50 to 08:20,Morning Assembly,,Classroom,Morning Assembly
344,CLASS 2 Lily,Kalyani Choudhary,Wednesday,1,1st Period,08:30 to 9:15,Eng,Kalyani Choudhary,Classroom,Eng_Kalyani Choudhary
345,CLASS 2 Lily,Kalyani Choudhary,Wednesday,2,2nd Period,9:15 to 10:00,Hindi,Kalyani Choudhary,Classroom,Hindi_Kalyani Choudhary
346,CLASS 2 Lily,Kalyani Choudhary,Wednesday,3,3rd Period,10:00 to 10:45,EVS,Kalyani Choudhary,Classroom,EVS_Kalyani Choudhary
347,CLASS 2 Lily,Kalyani Choudhary,Wednesday,4,Lunch,10:45 to 11:05,Lunch,Kalyani Choudhary,Classroom,Lunch _ Kalyani Choudhary
348,CLASS 2 Lily,Kalyani Choudhary,Wednesday,5,4th Period,11:05 to 11:50,Dictation & Cursive,Kalyani Choudhary,Classroom,Dictation & Cursive_Kalyani Choudhary
349,CLASS 2 Lily,Kalyani Choudhary,Wednesday,6,5th Period,11:50 to 12:30,Maths,Kalyani Choudhary,Classroom,Maths_Kalyani Choudhary
350,CLASS 2 Lily,Kalyani Choudhary,Wednesday,7,6th Period,12:30 to 1:10,Art & Craft,Kalyani Choudhary,Classroom,Art & Craft_Kalyani Choudhary
351,CLASS 2 Lily,Kalyani Choudhary,Wednesday,8,7th Period,1:10 to 1:50,,,Classroom,
352,CLASS 2 Lily,Kalyani Choudhary,Thursday,0,Morning Assembly,07:50 to 08:20,Morning Assembly,,Classroom,Morning Assembly
353,CLASS 2 Lily,Kalyani Choudhary,Thursday,1,1st Period,08:30 to 9:15,Eng,Kalyani Choudhary,Classroom,Eng_Kalyani Choudhary
354,CLASS 2 Lily,Kalyani Choudhary,Thursday,2,2nd Period,9:15 to 10:00,Hindi,Kalyani Choudhary,Classroom,Hindi_Kalyani Choudhary
355,CLASS 2 Lily,Kalyani Choudhary,Thursday,3,3rd Period,10:00 to 10:45,EVS,Kalyani Choudhary,Classroom,EVS_Kalyani Choudhary
356,CLASS 2 Lily,Kalyani Choudhary,Thursday,4,Lunch,10:45 to 11:05,Lunch,Kalyani Choudhary,Classroom,Lunch _ Kalyani Choudhary
357,CLASS 2 Lily,Kalyani Choudhary,Thursday,5,4th Period,11:05 to 11:50,Dictation & Cursive,Kalyani Choudhary,Classroom,Dictation & Cursive_Kalyani Choudhary
358,CLASS 2 Lily,Kalyani Choudhary,Thursday,6,5th Period,11:50 to 12:30,Maths,Kalyani Choudhary,Classroom,Maths_Kalyani Choudhary
359,CLASS 2 Lily,Kalyani Choudhary,Thursday,7,6th Period,12:30 to 1:10,GK,Kalyani Choudhary,Classroom,GK_Kalyani Choudhary
360,CLASS 2 Lily,Kalyani Choudhary,Thursday,8,7th Period,1:10 to 1:50,,,Classroom,
361,CLASS 2 Lily,Kalyani Choudhary,Friday,0,Morning Assembly,07:50 to 08:20,Morning Assembly,,Classroom,Morning Assembly
362,CLASS 2 Lily,Kalyani Choudhary,Friday,1,1st Period,08:30 to 9:15,Eng Read,Kalyani Choudhary,Classroom,Eng Read_Kalyani Choudhary
363,CLASS 2 Lily,Kalyani Choudhary,Friday,2,2nd Period,9:15 to 10:00,Hindi Read,Kalyani Choudhary,Classroom,Hindi Read_Kalyani Choudhary
364,CLASS 2 Lily,Kalyani Choudhary,Friday,3,3rd Period,10:00 to 10:45,IT,Kalyani Choudhary,Classroom,IT_Kalyani Choudhary
365,CLASS 2 Lily,Kalyani Choudhary,Friday,4,Lunch,10:45 to 11:05,Lunch,Kalyani Choudhary,Classroom,Lunch _ Kalyani Choudhary
366,CLASS 2 Lily,Kalyani Choudhary,Friday,5,4th Period,11:05 to 11:50,Dictation & Cursive,Kalyani Choudhary,Classroom,Dictation & Cursive_Kalyani Choudhary
367,CLASS 2 Lily,Kalyani Choudhary,Friday,6,5th Period,11:50 to 12:30,Art & Craft,Kalyani Choudhary,Classroom,Art & Craft_Kalyani Choudhary
368,CLASS 2 Lily,Kalyani Choudhary,Friday,7,6th Period,12:30 to 1:10,GK,Kalyani Choudhary,Classroom,GK_Kalyani Choudhary
369,CLASS 2 Lily,Kalyani Choudhary,Friday,8,7th Period,1:10 to 1:50,,,Classroom,
370,CLASS 2 Lily,Kalyani Choudhary,Saturday,0,Morning Assembly,07:50 to 08:20,Morning Assembly,,Classroom,Morning Assembly
371,CLASS 2 Lily,Kalyani Choudhary,Saturday,1,1st Period,08:30 to 9:15,Eng Read,Kalyani Choudhary,Classroom,Eng Read_Kalyani Choudhary
372,CLASS 2 Lily,Kalyani Choudhary,Saturday,2,2nd Period,9:15 to 10:00,Hindi Read,Kalyani Choudhary,Classroom,Hindi Read_Kalyani Choudhary
373,CLASS 2 Lily,Kalyani Choudhary,Saturday,3,3rd Period,10:00 to 10:45,IT,Kalyani Choudhary,Classroom,IT_Kalyani Choudhary
374,CLASS 2 Lily,Kalyani Choudhary,Saturday,4,Lunch,10:45 to 11:05,Lunch,Kalyani Choudhary,Classroom,Lunch _ Kalyani Choudhary
375,CLASS 2 Lily,Kalyani Choudhary,Saturday,5,4th Period,11:05 to 11:50,Games,Shikha Mishra,Ground,Games_Shikha Mishra
376,CLASS 2 Lily,Kalyani Choudhary,Saturday,6,5th Period,11:50 to 12:30,,,Classroom,
377,CLASS 2 Lily,Kalyani Choudhary,Saturday,7,6th Period,12:30 to 1:10,,,Classroom,
378,CLASS 2 Lily,Kalyani Choudhary,Saturday,8,7th Period,1:10 to 1:50,,,Classroom,
379,CLASS 3 Rose,Vandna Saraf,Monday,0,Morning Assembly,07:50 to 08:20,Morning Assembly,,Classroom,Morning Assembly
380,CLASS 3 Rose,Vandna Saraf,Monday,1,1st Period,08:30 to 9:15,Maths,Vandna Saraf,Classroom,Maths_Vandna Saraf
381,CLASS 3 Rose,Vandna Saraf,Monday,2,2nd Period,9:15 to 10:00,Hindi,Neha Rai,Classroom,Hindi_Neha Rai
382,CLASS 3 Rose,Vandna Saraf,Monday,3,3rd Period,10:00 to 10:45,Eng,Shilpi Sahu,Classroom,Eng_Shilpi Sahu
383,CLASS 3 Rose,Vandna Saraf,Monday,4,Lunch,10:45 to 11:05,Lunch,Vandna Saraf,Classroom,Lunch _ Vandna Saraf
384,CLASS 3 Rose,Vandna Saraf,Monday,5,4th Period,11:05 to 11:50,EVS,Arti Sagar,Classroom,EVS_Arti Sagar
385,CLASS 3 Rose,Vandna Saraf,Monday,6,5th Period,11:50 to 12:30,Art & Craft,Anubha,Classroom,Art & Craft_Anubha
386,CLASS 3 Rose,Vandna Saraf,Monday,7,6th Period,12:30 to 1:10,GK,Reenu Yadav,Classroom,GK_Reenu Yadav
387,CLASS 3 Rose,Vandna Saraf,Monday,8,7th Period,1:10 to 1:50,,,Classroom,
388,CLASS 3 Rose,Vandna Saraf,Tuesday,0,Morning Assembly,07:50 to 08:20,Morning Assembly,,Classroom,Morning Assembly
389,CLASS 3 Rose,Vandna Saraf,Tuesday,1,1st Period,08:30 to 9:15,Maths,Vandna Saraf,Classroom,Maths_Vandna Saraf
390,CLASS 3 Rose,Vandna Saraf,Tuesday,2,2nd Period,9:15 to 10:00,Hindi,Neha Rai,Classroom,Hindi_Neha Rai
391,CLASS 3 Rose,Vandna Saraf,Tuesday,3,3rd Period,10:00 to 10:45,IT,Shilpi Sahu,Classroom,IT_Shilpi Sahu
392,CLASS 3 Rose,Vandna Saraf,Tuesday,4,Lunch,10:45 to 11:05,Lunch,Vandna Saraf,Classroom,Lunch _ Vandna Saraf
393,CLASS 3 Rose,Vandna Saraf,Tuesday,5,4th Period,11:05 to 11:50,EVS,Arti Sagar,Classroom,EVS_Arti Sagar
394,CLASS 3 Rose,Vandna Saraf,Tuesday,6,5th Period,11:50 to 12:30,Eng,Shilpi Sahu,Classroom,Eng_Shilpi Sahu
395,CLASS 3 Rose,Vandna Saraf,Tuesday,7,6th Period,12:30 to 1:10,GK,Reenu Yadav,Classroom,GK_Reenu Yadav
396,CLASS 3 Rose,Vandna Saraf,Tuesday,8,7th Period,1:10 to 1:50,,,Classroom,
397,CLASS 3 Rose,Vandna Saraf,Wednesday,0,Morning Assembly,07:50 to 08:20,Morning Assembly,,Classroom,Morning Assembly
398,CLASS 3 Rose,Vandna Saraf,Wednesday,1,1st Period,08:30 to 9:15,Maths,Vandna Saraf,Classroom,Maths_Vandna Saraf
399,CLASS 3 Rose,Vandna Saraf,Wednesday,2,2nd Period,9:15 to 10:00,Hindi,Neha Rai,Classroom,Hindi_Neha Rai
400,CLASS 3 Rose,Vandna Saraf,Wednesday,3,3rd Period,10:00 to 10:45,Eng,Shilpi Sahu,Classroom,Eng_Shilpi Sahu
401,CLASS 3 Rose,Vandna Saraf,Wednesday,4,Lunch,10:45 to 11:05,Lunch,Vandna Saraf,Classroom,Lunch _ Vandna Saraf
402,CLASS 3 Rose,Vandna Saraf,Wednesday,5,4th Period,11:05 to 11:50,Games,Komal,Ground,Games_Komal
403,CLASS 3 Rose,Vandna Saraf,Wednesday,6,5th Period,11:50 to 12:30,Dictation & Cursive,Arshee,Classroom,Dictation & Cursive_Arshee
404,CLASS 3 Rose,Vandna Saraf,Wednesday,7,6th Period,12:30 to 1:10,Art & Craft,Anubha,Classroom,Art & Craft_Anubha
405,CLASS 3 Rose,Vandna Saraf,Wednesday,8,7th Period,1:10 to 1:50,,,Classroom,
406,CLASS 3 Rose,Vandna Saraf,Thursday,0,Morning Assembly,07:50 to 08:20,Morning Assembly,,Classroom,Morning Assembly
407,CLASS 3 Rose,Vandna Saraf,Thursday,1,1st Period,08:30 to 9:15,Maths,Vandna Saraf,Classroom,Maths_Vandna Saraf
408,CLASS 3 Rose,Vandna Saraf,Thursday,2,2nd Period,9:15 to 10:00,Hindi,Neha Rai,Classroom,Hindi_Neha Rai
409,CLASS 3 Rose,Vandna Saraf,Thursday,3,3rd Period,10:00 to 10:45,Eng,Shilpi Sahu,Classroom,Eng_Shilpi Sahu
410,CLASS 3 Rose,Vandna Saraf,Thursday,4,Lunch,10:45 to 11:05,Lunch,Vandna Saraf,Classroom,Lunch _ Vandna Saraf
411,CLASS 3 Rose,Vandna Saraf,Thursday,5,4th Period,11:05 to 11:50,EVS,Arti Sagar,Classroom,EVS_Arti Sagar
412,CLASS 3 Rose,Vandna Saraf,Thursday,6,5th Period,11:50 to 12:30,Yoga,Pradeep,Activity Hall,Yoga_Pradeep
413,CLASS 3 Rose,Vandna Saraf,Thursday,7,6th Period,12:30 to 1:10,Games,Shikha Mishra,Ground,Games_Shikha Mishra
414,CLASS 3 Rose,Vandna Saraf,Thursday,8,7th Period,1:10 to 1:50,,,Classroom,
415,CLASS 3 Rose,Vandna Saraf,Friday,0,Morning Assembly,07:50 to 08:20,Morning Assembly,,Classroom,Morning Assembly
416,CLASS 3 Rose,Vandna Saraf,Friday,1,1st Period,08:30 to 9:15,Maths,Vandna Saraf,Classroom,Maths_Vandna Saraf
417,CLASS 3 Rose,Vandna Saraf,Friday,2,2nd Period,9:15 to 10:00,Hindi,Neha Rai,Classroom,Hindi_Neha Rai
418,CLASS 3 Rose,Vandna Saraf,Friday,3,3rd Period,10:00 to 10:45,Eng,Shilpi Sahu,Classroom,Eng_Shilpi Sahu
419,CLASS 3 Rose,Vandna Saraf,Friday,4,Lunch,10:45 to 11:05,Lunch,Vandna Saraf,Classroom,Lunch _ Vandna Saraf
420,CLASS 3 Rose,Vandna Saraf,Friday,5,4th Period,11:05 to 11:50,EVS,Arti Sagar,Classroom,EVS_Arti Sagar
421,CLASS 3 Rose,Vandna Saraf,Friday,6,5th Period,11:50 to 12:30,Dictation & Cursive,Arshee,Classroom,Dictation & Cursive_Arshee
422,CLASS 3 Rose,Vandna Saraf,Friday,7,6th Period,12:30 to 1:10,IT,Shilpi Sahu,Classroom,IT_Shilpi Sahu
423,CLASS 3 Rose,Vandna Saraf,Friday,8,7th Period,1:10 to 1:50,,,Classroom,
424,CLASS 3 Rose,Vandna Saraf,Saturday,0,Morning Assembly,07:50 to 08:20,Morning Assembly,,Classroom,Morning Assembly
425,CLASS 3 Rose,Vandna Saraf,Saturday,1,1st Period,08:30 to 9:15,Music,Atul,Classroom,Music_Atul
426,CLASS 3 Rose,Vandna Saraf,Saturday,2,2nd Period,9:15 to 10:00,Hindi,Neha Rai,Classroom,Hindi_Neha Rai
427,CLASS 3 Rose,Vandna Saraf,Saturday,3,3rd Period,10:00 to 10:45,Eng,Shilpi Sahu,Classroom,Eng_Shilpi Sahu
428,CLASS 3 Rose,Vandna Saraf,Saturday,4,Lunch,10:45 to 11:05,Lunch,Vandna Saraf,Classroom,Lunch _ Vandna Saraf
429,CLASS 3 Rose,Vandna Saraf,Saturday,5,4th Period,11:05 to 11:50,EVS,Arti Sagar,Classroom,EVS_Arti Sagar
430,CLASS 3 Rose,Vandna Saraf,Saturday,6,5th Period,11:50 to 12:30,,,Classroom,
431,CLASS 3 Rose,Vandna Saraf,Saturday,7,6th Period,12:30 to 1:10,,,Classroom,
432,CLASS 3 Rose,Vandna Saraf,Saturday,8,7th Period,1:10 to 1:50,,,Classroom,
433,CLASS 3 Marigold,Shilpi Sahu,Monday,0,Morning Assembly,07:50 to 08:20,Morning Assembly,,Classroom,Morning Assembly
434,CLASS 3 Marigold,Shilpi Sahu,Monday,1,1st Period,08:30 to 9:15,Eng,Shilpi Sahu,Classroom,Eng_Shilpi Sahu
435,CLASS 3 Marigold,Shilpi Sahu,Monday,2,2nd Period,9:15 to 10:00,Art & Craft,Anubha,Classroom,Art & Craft_Anubha
436,CLASS 3 Marigold,Shilpi Sahu,Monday,3,3rd Period,10:00 to 10:45,Music,Atul,Classroom,Music_Atul
437,CLASS 3 Marigold,Shilpi Sahu,Monday,4,Lunch,10:45 to 11:05,Lunch,Shilpi Sahu,Classroom,Lunch _ Shilpi Sahu
438,CLASS 3 Marigold,Shilpi Sahu,Monday,5,4th Period,11:05 to 11:50,Hindi,Neha Rai,Classroom,Hindi_Neha Rai
439,CLASS 3 Marigold,Shilpi Sahu,Monday,6,5th Period,11:50 to 12:30,GK,Anjali Jain,Classroom,GK_Anjali Jain
440,CLASS 3 Marigold,Shilpi Sahu,Monday,7,6th Period,12:30 to 1:10,EVS,Arti Sagar,Classroom,EVS_Arti Sagar
441,CLASS 3 Marigold,Shilpi Sahu,Monday,8,7th Period,1:10 to 1:50,,,Classroom,
442,CLASS 3 Marigold,Shilpi Sahu,Tuesday,0,Morning Assembly,07:50 to 08:20,Morning Assembly,,Classroom,Morning Assembly
443,CLASS 3 Marigold,Shilpi Sahu,Tuesday,1,1st Period,08:30 to 9:15,Eng,Shilpi Sahu,Classroom,Eng_Shilpi Sahu
444,CLASS 3 Marigold,Shilpi Sahu,Tuesday,2,2nd Period,9:15 to 10:00,Games,Komal,Ground,Games_Komal
445,CLASS 3 Marigold,Shilpi Sahu,Tuesday,3,3rd Period,10:00 to 10:45,Maths,Neelam Sahu,Classroom,Maths_Neelam Sahu
446,CLASS 3 Marigold,Shilpi Sahu,Tuesday,4,Lunch,10:45 to 11:05,Lunch,Shilpi Sahu,Classroom,Lunch _ Shilpi Sahu
447,CLASS 3 Marigold,Shilpi Sahu,Tuesday,5,4th Period,11:05 to 11:50,Hindi,Neha Rai,Classroom,Hindi_Neha Rai
448,CLASS 3 Marigold,Shilpi Sahu,Tuesday,6,5th Period,11:50 to 12:30,GK,Anjali Jain,Classroom,GK_Anjali Jain
449,CLASS 3 Marigold,Shilpi Sahu,Tuesday,7,6th Period,12:30 to 1:10,EVS,Arti Sagar,Classroom,EVS_Arti Sagar
450,CLASS 3 Marigold,Shilpi Sahu,Tuesday,8,7th Period,1:10 to 1:50,,,Classroom,
451,CLASS 3 Marigold,Shilpi Sahu,Wednesday,0,Morning Assembly,07:50 to 08:20,Morning Assembly,,Classroom,Morning Assembly
452,CLASS 3 Marigold,Shilpi Sahu,Wednesday,1,1st Period,08:30 to 9:15,Eng,Shilpi Sahu,Classroom,Eng_Shilpi Sahu
453,CLASS 3 Marigold,Shilpi Sahu,Wednesday,2,2nd Period,9:15 to 10:00,Maths,Neelam Sahu,Classroom,Maths_Neelam Sahu
454,CLASS 3 Marigold,Shilpi Sahu,Wednesday,3,3rd Period,10:00 to 10:45,Yoga,Pradeep,Activity Hall,Yoga_Pradeep
455,CLASS 3 Marigold,Shilpi Sahu,Wednesday,4,Lunch,10:45 to 11:05,Lunch,Shilpi Sahu,Classroom,Lunch _ Shilpi Sahu
456,CLASS 3 Marigold,Shilpi Sahu,Wednesday,5,4th Period,11:05 to 11:50,Hindi,Neha Rai,Classroom,Hindi_Neha Rai
457,CLASS 3 Marigold,Shilpi Sahu,Wednesday,6,5th Period,11:50 to 12:30,Dictation & Cursive,Shilpi Sahu,Classroom,Dictation & Cursive_Shilpi Sahu
458,CLASS 3 Marigold,Shilpi Sahu,Wednesday,7,6th Period,12:30 to 1:10,EVS,Arti Sagar,Classroom,EVS_Arti Sagar
459,CLASS 3 Marigold,Shilpi Sahu,Wednesday,8,7th Period,1:10 to 1:50,,,Classroom,
460,CLASS 3 Marigold,Shilpi Sahu,Thursday,0,Morning Assembly,07:50 to 08:20,Morning Assembly,,Classroom,Morning Assembly
461,CLASS 3 Marigold,Shilpi Sahu,Thursday,1,1st Period,08:30 to 9:15,Eng,Shilpi Sahu,Classroom,Eng_Shilpi Sahu
462,CLASS 3 Marigold,Shilpi Sahu,Thursday,2,2nd Period,9:15 to 10:00,Games,Shikha Mishra,Ground,Games_Shikha Mishra
463,CLASS 3 Marigold,Shilpi Sahu,Thursday,3,3rd Period,10:00 to 10:45,Maths,Neelam Sahu,Classroom,Maths_Neelam Sahu
464,CLASS 3 Marigold,Shilpi Sahu,Thursday,4,Lunch,10:45 to 11:05,Lunch,Shilpi Sahu,Classroom,Lunch _ Shilpi Sahu
465,CLASS 3 Marigold,Shilpi Sahu,Thursday,5,4th Period,11:05 to 11:50,Hindi,Neha Rai,Classroom,Hindi_Neha Rai
466,CLASS 3 Marigold,Shilpi Sahu,Thursday,6,5th Period,11:50 to 12:30,Dictation & Cursive,Shilpi Sahu,Classroom,Dictation & Cursive_Shilpi Sahu
467,CLASS 3 Marigold,Shilpi Sahu,Thursday,7,6th Period,12:30 to 1:10,EVS,Arti Sagar,Classroom,EVS_Arti Sagar
468,CLASS 3 Marigold,Shilpi Sahu,Thursday,8,7th Period,1:10 to 1:50,,,Classroom,
469,CLASS 3 Marigold,Shilpi Sahu,Friday,0,Morning Assembly,07:50 to 08:20,Morning Assembly,,Classroom,Morning Assembly
470,CLASS 3 Marigold,Shilpi Sahu,Friday,1,1st Period,08:30 to 9:15,Eng,Shilpi Sahu,Classroom,Eng_Shilpi Sahu
471,CLASS 3 Marigold,Shilpi Sahu,Friday,2,2nd Period,9:15 to 10:00,IT,Somya Nayak,Classroom,IT_Somya Nayak
472,CLASS 3 Marigold,Shilpi Sahu,Friday,3,3rd Period,10:00 to 10:45,Maths,Neelam Sahu,Classroom,Maths_Neelam Sahu
473,CLASS 3 Marigold,Shilpi Sahu,Friday,4,Lunch,10:45 to 11:05,Lunch,Shilpi Sahu,Classroom,Lunch _ Shilpi Sahu
474,CLASS 3 Marigold,Shilpi Sahu,Friday,5,4th Period,11:05 to 11:50,Hindi,Neha Rai,Classroom,Hindi_Neha Rai
475,CLASS 3 Marigold,Shilpi Sahu,Friday,6,5th Period,11:50 to 12:30,Art & Craft,Anubha,Classroom,Art & Craft_Anubha
476,CLASS 3 Marigold,Shilpi Sahu,Friday,7,6th Period,12:30 to 1:10,EVS,Arti Sagar,Classroom,EVS_Arti Sagar
477,CLASS 3 Marigold,Shilpi Sahu,Friday,8,7th Period,1:10 to 1:50,,,Classroom,
478,CLASS 3 Marigold,Shilpi Sahu,Saturday,0,Morning Assembly,07:50 to 08:20,Morning Assembly,,Classroom,Morning Assembly
479,CLASS 3 Marigold,Shilpi Sahu,Saturday,1,1st Period,08:30 to 9:15,Eng,Shilpi Sahu,Classroom,Eng_Shilpi Sahu
480,CLASS 3 Marigold,Shilpi Sahu,Saturday,2,2nd Period,9:15 to 10:00,IT,Somya Nayak,Classroom,IT_Somya Nayak
481,CLASS 3 Marigold,Shilpi Sahu,Saturday,3,3rd Period,10:00 to 10:45,Maths,Neelam Sahu,Classroom,Maths_Neelam Sahu
482,CLASS 3 Marigold,Shilpi Sahu,Saturday,4,Lunch,10:45 to 11:05,Lunch,Shilpi Sahu,Classroom,Lunch _ Shilpi Sahu
483,CLASS 3 Marigold,Shilpi Sahu,Saturday,5,4th Period,11:05 to 11:50,Hindi,Neha Rai,Classroom,Hindi_Neha Rai
484,CLASS 3 Marigold,Shilpi Sahu,Saturday,6,5th Period,11:50 to 12:30,,,Classroom,
485,CLASS 3 Marigold,Shilpi Sahu,Saturday,7,6th Period,12:30 to 1:10,,,Classroom,
486,CLASS 3 Marigold,Shilpi Sahu,Saturday,8,7th Period,1:10 to 1:50,,,Classroom,
487,CLASS 3 Lily,Anubha,Monday,0,Morning Assembly,07:50 to 08:20,Morning Assembly,,Classroom,Morning Assembly
488,CLASS 3 Lily,Anubha,Monday,1,1st Period,08:30 to 9:15,Games,Shikha Mishra,Ground,Games_Shikha Mishra
489,CLASS 3 Lily,Anubha,Monday,2,2nd Period,9:15 to 10:00,Eng,Shilpi Sahu,Classroom,Eng_Shilpi Sahu
490,CLASS 3 Lily,Anubha,Monday,3,3rd Period,10:00 to 10:45,Hindi,Neha Rai,Classroom,Hindi_Neha Rai
491,CLASS 3 Lily,Anubha,Monday,4,Lunch,10:45 to 11:05,Lunch,Anubha,Classroom,Lunch _ Anubha
492,CLASS 3 Lily,Anubha,Monday,5,4th Period,11:05 to 11:50,Music,Atul,Classroom,Music_Atul
493,CLASS 3 Lily,Anubha,Monday,6,5th Period,11:50 to 12:30,EVS,Arti Sagar,Classroom,EVS_Arti Sagar
494,CLASS 3 Lily,Anubha,Monday,7,6th Period,12:30 to 1:10,Maths,Arshee,Classroom,Maths_Arshee
495,CLASS 3 Lily,Anubha,Monday,8,7th Period,1:10 to 1:50,,,Classroom,
496,CLASS 3 Lily,Anubha,Tuesday,0,Morning Assembly,07:50 to 08:20,Morning Assembly,,Classroom,Morning Assembly
497,CLASS 3 Lily,Anubha,Tuesday,1,1st Period,08:30 to 9:15,Dictation & Cursive,Reenu Yadav,Classroom,Dictation & Cursive_Reenu Yadav
498,CLASS 3 Lily,Anubha,Tuesday,2,2nd Period,9:15 to 10:00,Eng,Shilpi Sahu,Classroom,Eng_Shilpi Sahu
499,CLASS 3 Lily,Anubha,Tuesday,3,3rd Period,10:00 to 10:45,Hindi,Neha Rai,Classroom,Hindi_Neha Rai
500,CLASS 3 Lily,Anubha,Tuesday,4,Lunch,10:45 to 11:05,Lunch,Anubha,Classroom,Lunch _ Anubha
501,CLASS 3 Lily,Anubha,Tuesday,5,4th Period,11:05 to 11:50,Art & Craft,Anubha,Classroom,Art & Craft_Anubha
502,CLASS 3 Lily,Anubha,Tuesday,6,5th Period,11:50 to 12:30,EVS,Arti Sagar,Classroom,EVS_Arti Sagar
503,CLASS 3 Lily,Anubha,Tuesday,7,6th Period,12:30 to 1:10,Maths,Arshee,Classroom,Maths_Arshee
504,CLASS 3 Lily,Anubha,Tuesday,8,7th Period,1:10 to 1:50,,,Classroom,
505,CLASS 3 Lily,Anubha,Wednesday,0,Morning Assembly,07:50 to 08:20,Morning Assembly,,Classroom,Morning Assembly
506,CLASS 3 Lily,Anubha,Wednesday,1,1st Period,08:30 to 9:15,IT,Sonakshi,Classroom,IT_Sonakshi
507,CLASS 3 Lily,Anubha,Wednesday,2,2nd Period,9:15 to 10:00,Eng,Shilpi Sahu,Classroom,Eng_Shilpi Sahu
508,CLASS 3 Lily,Anubha,Wednesday,3,3rd Period,10:00 to 10:45,Hindi,Neha Rai,Classroom,Hindi_Neha Rai
509,CLASS 3 Lily,Anubha,Wednesday,4,Lunch,10:45 to 11:05,Lunch,Anubha,Classroom,Lunch _ Anubha
510,CLASS 3 Lily,Anubha,Wednesday,5,4th Period,11:05 to 11:50,GK,Vandna Saraf,Classroom,GK_Vandna Saraf
511,CLASS 3 Lily,Anubha,Wednesday,6,5th Period,11:50 to 12:30,EVS,Arti Sagar,Classroom,EVS_Arti Sagar
512,CLASS 3 Lily,Anubha,Wednesday,7,6th Period,12:30 to 1:10,Maths,Arshee,Classroom,Maths_Arshee
513,CLASS 3 Lily,Anubha,Wednesday,8,7th Period,1:10 to 1:50,,,Classroom,
514,CLASS 3 Lily,Anubha,Thursday,0,Morning Assembly,07:50 to 08:20,Morning Assembly,,Classroom,Morning Assembly
515,CLASS 3 Lily,Anubha,Thursday,1,1st Period,08:30 to 9:15,Yoga,Pradeep,Activity Hall,Yoga_Pradeep
516,CLASS 3 Lily,Anubha,Thursday,2,2nd Period,9:15 to 10:00,Eng,Shilpi Sahu,Classroom,Eng_Shilpi Sahu
517,CLASS 3 Lily,Anubha,Thursday,3,3rd Period,10:00 to 10:45,Hindi,Neha Rai,Classroom,Hindi_Neha Rai
518,CLASS 3 Lily,Anubha,Thursday,4,Lunch,10:45 to 11:05,Lunch,Anubha,Classroom,Lunch _ Anubha
519,CLASS 3 Lily,Anubha,Thursday,5,4th Period,11:05 to 11:50,IT,Sonakshi,Classroom,IT_Sonakshi
520,CLASS 3 Lily,Anubha,Thursday,6,5th Period,11:50 to 12:30,EVS,Arti Sagar,Classroom,EVS_Arti Sagar
521,CLASS 3 Lily,Anubha,Thursday,7,6th Period,12:30 to 1:10,Maths,Arshee,Classroom,Maths_Arshee
522,CLASS 3 Lily,Anubha,Thursday,8,7th Period,1:10 to 1:50,,,Classroom,
523,CLASS 3 Lily,Anubha,Friday,0,Morning Assembly,07:50 to 08:20,Morning Assembly,,Classroom,Morning Assembly
524,CLASS 3 Lily,Anubha,Friday,1,1st Period,08:30 to 9:15,Art & Craft,Anubha,Classroom,Art & Craft_Anubha
525,CLASS 3 Lily,Anubha,Friday,2,2nd Period,9:15 to 10:00,Eng,Shilpi Sahu,Classroom,Eng_Shilpi Sahu
526,CLASS 3 Lily,Anubha,Friday,3,3rd Period,10:00 to 10:45,Hindi,Neha Rai,Classroom,Hindi_Neha Rai
527,CLASS 3 Lily,Anubha,Friday,4,Lunch,10:45 to 11:05,Lunch,Anubha,Classroom,Lunch _ Anubha
528,CLASS 3 Lily,Anubha,Friday,5,4th Period,11:05 to 11:50,GK,Vandna Saraf,Classroom,GK_Vandna Saraf
529,CLASS 3 Lily,Anubha,Friday,6,5th Period,11:50 to 12:30,EVS,Arti Sagar,Classroom,EVS_Arti Sagar
530,CLASS 3 Lily,Anubha,Friday,7,6th Period,12:30 to 1:10,Maths,Arshee,Classroom,Maths_Arshee
531,CLASS 3 Lily,Anubha,Friday,8,7th Period,1:10 to 1:50,,,Classroom,
532,CLASS 3 Lily,Anubha,Saturday,0,Morning Assembly,07:50 to 08:20,Morning Assembly,,Classroom,Morning Assembly
533,CLASS 3 Lily,Anubha,Saturday,1,1st Period,08:30 to 9:15,Games,Komal,Ground,Games_Komal
534,CLASS 3 Lily,Anubha,Saturday,2,2nd Period,9:15 to 10:00,Eng,Shilpi Sahu,Classroom,Eng_Shilpi Sahu
535,CLASS 3 Lily,Anubha,Saturday,3,3rd Period,10:00 to 10:45,Hindi,Neha Rai,Classroom,Hindi_Neha Rai
536,CLASS 3 Lily,Anubha,Saturday,4,Lunch,10:45 to 11:05,Lunch,Anubha,Classroom,Lunch _ Anubha
537,CLASS 3 Lily,Anubha,Saturday,5,4th Period,11:05 to 11:50,Dictation & Cursive,Reenu Yadav,Classroom,Dictation & Cursive_Reenu Yadav
538,CLASS 3 Lily,Anubha,Saturday,6,5th Period,11:50 to 12:30,,,Classroom,
539,CLASS 3 Lily,Anubha,Saturday,7,6th Period,12:30 to 1:10,,,Classroom,
540,CLASS 3 Lily,Anubha,Saturday,8,7th Period,1:10 to 1:50,,,Classroom,
541,CLASS 3 Sunflower,Neha Rai,Monday,0,Morning Assembly,07:50 to 08:20,Morning Assembly,,Classroom,Morning Assembly
542,CLASS 3 Sunflower,Neha Rai,Monday,1,1st Period,08:30 to 9:15,Hindi,Neha Rai,Classroom,Hindi_Neha Rai
543,CLASS 3 Sunflower,Neha Rai,Monday,2,2nd Period,9:15 to 10:00,Dictation & Cursive,Arshee,Classroom,Dictation & Cursive_Arshee
544,CLASS 3 Sunflower,Neha Rai,Monday,3,3rd Period,10:00 to 10:45,EVS,Arti Sagar,Classroom,EVS_Arti Sagar
545,CLASS 3 Sunflower,Neha Rai,Monday,4,Lunch,10:45 to 11:05,Lunch,Neha Rai,Classroom,Lunch _ Neha Rai
546,CLASS 3 Sunflower,Neha Rai,Monday,5,4th Period,11:05 to 11:50,GK,Vandna Saraf,Classroom,GK_Vandna Saraf
547,CLASS 3 Sunflower,Neha Rai,Monday,6,5th Period,11:50 to 12:30,Eng,Arshee,Classroom,Eng_Arshee
548,CLASS 3 Sunflower,Neha Rai,Monday,7,6th Period,12:30 to 1:10,Maths,Avdesh,Classroom,Maths_Avdesh
549,CLASS 3 Sunflower,Neha Rai,Monday,8,7th Period,1:10 to 1:50,,,Classroom,
550,CLASS 3 Sunflower,Neha Rai,Tuesday,0,Morning Assembly,07:50 to 08:20,Morning Assembly,,Classroom,Morning Assembly
551,CLASS 3 Sunflower,Neha Rai,Tuesday,1,1st Period,08:30 to 9:15,Hindi,Neha Rai,Classroom,Hindi_Neha Rai
552,CLASS 3 Sunflower,Neha Rai,Tuesday,2,2nd Period,9:15 to 10:00,Dictation & Cursive,Arshee,Classroom,Dictation & Cursive_Arshee
553,CLASS 3 Sunflower,Neha Rai,Tuesday,3,3rd Period,10:00 to 10:45,EVS,Arti Sagar,Classroom,EVS_Arti Sagar
554,CLASS 3 Sunflower,Neha Rai,Tuesday,4,Lunch,10:45 to 11:05,Lunch,Neha Rai,Classroom,Lunch _ Neha Rai
555,CLASS 3 Sunflower,Neha Rai,Tuesday,5,4th Period,11:05 to 11:50,GK,Vandna Saraf,Classroom,GK_Vandna Saraf
556,CLASS 3 Sunflower,Neha Rai,Tuesday,6,5th Period,11:50 to 12:30,Eng,Arshee,Classroom,Eng_Arshee
557,CLASS 3 Sunflower,Neha Rai,Tuesday,7,6th Period,12:30 to 1:10,Maths,Avdesh,Classroom,Maths_Avdesh
558,CLASS 3 Sunflower,Neha Rai,Tuesday,8,7th Period,1:10 to 1:50,,,Classroom,
559,CLASS 3 Sunflower,Neha Rai,Wednesday,0,Morning Assembly,07:50 to 08:20,Morning Assembly,,Classroom,Morning Assembly
560,CLASS 3 Sunflower,Neha Rai,Wednesday,1,1st Period,08:30 to 9:15,Hindi,Neha Rai,Classroom,Hindi_Neha Rai
561,CLASS 3 Sunflower,Neha Rai,Wednesday,2,2nd Period,9:15 to 10:00,Yoga,Pradeep,Activity Hall,Yoga_Pradeep
562,CLASS 3 Sunflower,Neha Rai,Wednesday,3,3rd Period,10:00 to 10:45,EVS,Arti Sagar,Classroom,EVS_Arti Sagar
563,CLASS 3 Sunflower,Neha Rai,Wednesday,4,Lunch,10:45 to 11:05,Lunch,Neha Rai,Classroom,Lunch _ Neha Rai
564,CLASS 3 Sunflower,Neha Rai,Wednesday,5,4th Period,11:05 to 11:50,Eng,Arshee,Classroom,Eng_Arshee
565,CLASS 3 Sunflower,Neha Rai,Wednesday,6,5th Period,11:50 to 12:30,IT,Sonakshi,Classroom,IT_Sonakshi
566,CLASS 3 Sunflower,Neha Rai,Wednesday,7,6th Period,12:30 to 1:10,Maths,Avdesh,Classroom,Maths_Avdesh
567,CLASS 3 Sunflower,Neha Rai,Wednesday,8,7th Period,1:10 to 1:50,,,Classroom,
568,CLASS 3 Sunflower,Neha Rai,Thursday,0,Morning Assembly,07:50 to 08:20,Morning Assembly,,Classroom,Morning Assembly
569,CLASS 3 Sunflower,Neha Rai,Thursday,1,1st Period,08:30 to 9:15,Hindi,Neha Rai,Classroom,Hindi_Neha Rai
570,CLASS 3 Sunflower,Neha Rai,Thursday,2,2nd Period,9:15 to 10:00,IT,Sonakshi,Classroom,IT_Sonakshi
571,CLASS 3 Sunflower,Neha Rai,Thursday,3,3rd Period,10:00 to 10:45,EVS,Arti Sagar,Classroom,EVS_Arti Sagar
572,CLASS 3 Sunflower,Neha Rai,Thursday,4,Lunch,10:45 to 11:05,Lunch,Neha Rai,Classroom,Lunch _ Neha Rai
573,CLASS 3 Sunflower,Neha Rai,Thursday,5,4th Period,11:05 to 11:50,Games,Komal,Ground,Games_Komal
574,CLASS 3 Sunflower,Neha Rai,Thursday,6,5th Period,11:50 to 12:30,Art & Craft,Anubha,Classroom,Art & Craft_Anubha
575,CLASS 3 Sunflower,Neha Rai,Thursday,7,6th Period,12:30 to 1:10,Maths,Avdesh,Classroom,Maths_Avdesh
576,CLASS 3 Sunflower,Neha Rai,Thursday,8,7th Period,1:10 to 1:50,,,Classroom,
577,CLASS 3 Sunflower,Neha Rai,Friday,0,Morning Assembly,07:50 to 08:20,Morning Assembly,,Classroom,Morning Assembly
578,CLASS 3 Sunflower,Neha Rai,Friday,1,1st Period,08:30 to 9:15,Hindi,Neha Rai,Classroom,Hindi_Neha Rai
579,CLASS 3 Sunflower,Neha Rai,Friday,2,2nd Period,9:15 to 10:00,Eng,Arshee,Classroom,Eng_Arshee
580,CLASS 3 Sunflower,Neha Rai,Friday,3,3rd Period,10:00 to 10:45,EVS,Arti Sagar,Classroom,EVS_Arti Sagar
581,CLASS 3 Sunflower,Neha Rai,Friday,4,Lunch,10:45 to 11:05,Lunch,Neha Rai,Classroom,Lunch _ Neha Rai
582,CLASS 3 Sunflower,Neha Rai,Friday,5,4th Period,11:05 to 11:50,Eng,Arshee,Classroom,Eng_Arshee
583,CLASS 3 Sunflower,Neha Rai,Friday,6,5th Period,11:50 to 12:30,Music,Atul,Classroom,Music_Atul
584,CLASS 3 Sunflower,Neha Rai,Friday,7,6th Period,12:30 to 1:10,Maths,Avdesh,Classroom,Maths_Avdesh
585,CLASS 3 Sunflower,Neha Rai,Friday,8,7th Period,1:10 to 1:50,,,Classroom,
586,CLASS 3 Sunflower,Neha Rai,Saturday,0,Morning Assembly,07:50 to 08:20,Morning Assembly,,Classroom,Morning Assembly
587,CLASS 3 Sunflower,Neha Rai,Saturday,1,1st Period,08:30 to 9:15,Hindi,Neha Rai,Classroom,Hindi_Neha Rai
588,CLASS 3 Sunflower,Neha Rai,Saturday,2,2nd Period,9:15 to 10:00,Games,Shikha Mishra,Ground,Games_Shikha Mishra
589,CLASS 3 Sunflower,Neha Rai,Saturday,3,3rd Period,10:00 to 10:45,Art & Craft,Anubha,Classroom,Art & Craft_Anubha
590,CLASS 3 Sunflower,Neha Rai,Saturday,4,Lunch,10:45 to 11:05,Lunch,Neha Rai,Classroom,Lunch _ Neha Rai
591,CLASS 3 Sunflower,Neha Rai,Saturday,5,4th Period,11:05 to 11:50,Eng,Arshee,Classroom,Eng_Arshee
592,CLASS 3 Sunflower,Neha Rai,Saturday,6,5th Period,11:50 to 12:30,,,Classroom,
593,CLASS 3 Sunflower,Neha Rai,Saturday,7,6th Period,12:30 to 1:10,,,Classroom,
594,CLASS 3 Sunflower,Neha Rai,Saturday,8,7th Period,1:10 to 1:50,,,Classroom,
595,CLASS 4 Rose,Rajkmari Yadav,Monday,0,Morning Assembly,07:50 to 08:20,Morning Assembly,,Classroom,Morning Assembly
596,CLASS 4 Rose,Rajkmari Yadav,Monday,1,1st Period,08:30 to 9:15,Hindi,Rajkmari Yadav,Classroom,Hindi_Rajkmari Yadav
597,CLASS 4 Rose,Rajkmari Yadav,Monday,2,2nd Period,9:15 to 10:00,EVS,Arti Sagar,Classroom,EVS_Arti Sagar
598,CLASS 4 Rose,Rajkmari Yadav,Monday,3,3rd Period,10:00 to 10:45,Dictation & Cursive,Arti Ahirwar,Classroom,Dictation & Cursive_Arti Ahirwar
599,CLASS 4 Rose,Rajkmari Yadav,Monday,4,Lunch,10:45 to 11:05,Lunch,Rajkmari Yadav,Classroom,Lunch _ Rajkmari Yadav
600,CLASS 4 Rose,Rajkmari Yadav,Monday,5,4th Period,11:05 to 11:50,Maths,Avdesh,Classroom,Maths_Avdesh
601,CLASS 4 Rose,Rajkmari Yadav,Monday,6,5th Period,11:50 to 12:30,Eng,Shilpi Sahu,Classroom,Eng_Shilpi Sahu
602,CLASS 4 Rose,Rajkmari Yadav,Monday,7,6th Period,12:30 to 1:10,Eng,Shilpi Sahu,Classroom,Eng_Shilpi Sahu
603,CLASS 4 Rose,Rajkmari Yadav,Monday,8,7th Period,1:10 to 1:50,,,Classroom,
604,CLASS 4 Rose,Rajkmari Yadav,Tuesday,0,Morning Assembly,07:50 to 08:20,Morning Assembly,,Classroom,Morning Assembly
605,CLASS 4 Rose,Rajkmari Yadav,Tuesday,1,1st Period,08:30 to 9:15,GK,Anjali Nalvanshi,Classroom,GK_Anjali Nalvanshi
606,CLASS 4 Rose,Rajkmari Yadav,Tuesday,2,2nd Period,9:15 to 10:00,EVS,Arti Sagar,Classroom,EVS_Arti Sagar
607,CLASS 4 Rose,Rajkmari Yadav,Tuesday,3,3rd Period,10:00 to 10:45,Dictation & Cursive,Arti Ahirwar,Classroom,Dictation & Cursive_Arti Ahirwar
608,CLASS 4 Rose,Rajkmari Yadav,Tuesday,4,Lunch,10:45 to 11:05,Lunch,Rajkmari Yadav,Classroom,Lunch _ Rajkmari Yadav
609,CLASS 4 Rose,Rajkmari Yadav,Tuesday,5,4th Period,11:05 to 11:50,Maths,Avdesh,Classroom,Maths_Avdesh
610,CLASS 4 Rose,Rajkmari Yadav,Tuesday,6,5th Period,11:50 to 12:30,Hindi,Rajkmari Yadav,Classroom,Hindi_Rajkmari Yadav
611,CLASS 4 Rose,Rajkmari Yadav,Tuesday,7,6th Period,12:30 to 1:10,Eng,Shilpi Sahu,Classroom,Eng_Shilpi Sahu
612,CLASS 4 Rose,Rajkmari Yadav,Tuesday,8,7th Period,1:10 to 1:50,,,Classroom,
613,CLASS 4 Rose,Rajkmari Yadav,Wednesday,0,Morning Assembly,07:50 to 08:20,Morning Assembly,,Classroom,Morning Assembly
614,CLASS 4 Rose,Rajkmari Yadav,Wednesday,1,1st Period,08:30 to 9:15,Hindi,Rajkmari Yadav,Classroom,Hindi_Rajkmari Yadav
615,CLASS 4 Rose,Rajkmari Yadav,Wednesday,2,2nd Period,9:15 to 10:00,Art & Craft,Anubha,Classroom,Art & Craft_Anubha
616,CLASS 4 Rose,Rajkmari Yadav,Wednesday,3,3rd Period,10:00 to 10:45,Games,Shikha Mishra,Ground,Games_Shikha Mishra
617,CLASS 4 Rose,Rajkmari Yadav,Wednesday,4,Lunch,10:45 to 11:05,Lunch,Rajkmari Yadav,Classroom,Lunch _ Rajkmari Yadav
618,CLASS 4 Rose,Rajkmari Yadav,Wednesday,5,4th Period,11:05 to 11:50,Maths,Avdesh,Classroom,Maths_Avdesh
619,CLASS 4 Rose,Rajkmari Yadav,Wednesday,6,5th Period,11:50 to 12:30,Music,Atul,Classroom,Music_Atul
620,CLASS 4 Rose,Rajkmari Yadav,Wednesday,7,6th Period,12:30 to 1:10,Eng,Shilpi Sahu,Classroom,Eng_Shilpi Sahu
621,CLASS 4 Rose,Rajkmari Yadav,Wednesday,8,7th Period,1:10 to 1:50,,,Classroom,
622,CLASS 4 Rose,Rajkmari Yadav,Thursday,0,Morning Assembly,07:50 to 08:20,Morning Assembly,,Classroom,Morning Assembly
623,CLASS 4 Rose,Rajkmari Yadav,Thursday,1,1st Period,08:30 to 9:15,Hindi,Rajkmari Yadav,Classroom,Hindi_Rajkmari Yadav
624,CLASS 4 Rose,Rajkmari Yadav,Thursday,2,2nd Period,9:15 to 10:00,EVS,Arti Sagar,Classroom,EVS_Arti Sagar
625,CLASS 4 Rose,Rajkmari Yadav,Thursday,3,3rd Period,10:00 to 10:45,Yoga,Pradeep,Activity Hall,Yoga_Pradeep
626,CLASS 4 Rose,Rajkmari Yadav,Thursday,4,Lunch,10:45 to 11:05,Lunch,Rajkmari Yadav,Classroom,Lunch _ Rajkmari Yadav
627,CLASS 4 Rose,Rajkmari Yadav,Thursday,5,4th Period,11:05 to 11:50,Maths,Avdesh,Classroom,Maths_Avdesh
628,CLASS 4 Rose,Rajkmari Yadav,Thursday,6,5th Period,11:50 to 12:30,Games,Komal,Ground,Games_Komal
629,CLASS 4 Rose,Rajkmari Yadav,Thursday,7,6th Period,12:30 to 1:10,Eng,Shilpi Sahu,Classroom,Eng_Shilpi Sahu
630,CLASS 4 Rose,Rajkmari Yadav,Thursday,8,7th Period,1:10 to 1:50,,,Classroom,
631,CLASS 4 Rose,Rajkmari Yadav,Friday,0,Morning Assembly,07:50 to 08:20,Morning Assembly,,Classroom,Morning Assembly
632,CLASS 4 Rose,Rajkmari Yadav,Friday,1,1st Period,08:30 to 9:15,Hindi,Rajkmari Yadav,Classroom,Hindi_Rajkmari Yadav
633,CLASS 4 Rose,Rajkmari Yadav,Friday,2,2nd Period,9:15 to 10:00,EVS,Arti Sagar,Classroom,EVS_Arti Sagar
634,CLASS 4 Rose,Rajkmari Yadav,Friday,3,3rd Period,10:00 to 10:45,GK,Anjali Nalvanshi,Classroom,GK_Anjali Nalvanshi
635,CLASS 4 Rose,Rajkmari Yadav,Friday,4,Lunch,10:45 to 11:05,Lunch,Rajkmari Yadav,Classroom,Lunch _ Rajkmari Yadav
636,CLASS 4 Rose,Rajkmari Yadav,Friday,5,4th Period,11:05 to 11:50,Maths,Avdesh,Classroom,Maths_Avdesh
637,CLASS 4 Rose,Rajkmari Yadav,Friday,6,5th Period,11:50 to 12:30,Eng,Shilpi Sahu,Classroom,Eng_Shilpi Sahu
638,CLASS 4 Rose,Rajkmari Yadav,Friday,7,6th Period,12:30 to 1:10,IT,Sonakshi,Classroom,IT_Sonakshi
639,CLASS 4 Rose,Rajkmari Yadav,Friday,8,7th Period,1:10 to 1:50,,,Classroom,
640,CLASS 4 Rose,Rajkmari Yadav,Saturday,0,Morning Assembly,07:50 to 08:20,Morning Assembly,,Classroom,Morning Assembly
641,CLASS 4 Rose,Rajkmari Yadav,Saturday,1,1st Period,08:30 to 9:15,Art & Craft,Anubha,Classroom,Art & Craft_Anubha
642,CLASS 4 Rose,Rajkmari Yadav,Saturday,2,2nd Period,9:15 to 10:00,EVS,Arti Sagar,Classroom,EVS_Arti Sagar
643,CLASS 4 Rose,Rajkmari Yadav,Saturday,3,3rd Period,10:00 to 10:45,Hindi,Rajkmari Yadav,Classroom,Hindi_Rajkmari Yadav
644,CLASS 4 Rose,Rajkmari Yadav,Saturday,4,Lunch,10:45 to 11:05,Lunch,Rajkmari Yadav,Classroom,Lunch _ Rajkmari Yadav
645,CLASS 4 Rose,Rajkmari Yadav,Saturday,5,4th Period,11:05 to 11:50,IT,Sonakshi,Classroom,IT_Sonakshi
646,CLASS 4 Rose,Rajkmari Yadav,Saturday,6,5th Period,11:50 to 12:30,,,Classroom,
647,CLASS 4 Rose,Rajkmari Yadav,Saturday,7,6th Period,12:30 to 1:10,,,Classroom,
648,CLASS 4 Rose,Rajkmari Yadav,Saturday,8,7th Period,1:10 to 1:50,,,Classroom,
649,CLASS 4 Marigold,Arshee,Monday,0,Morning Assembly,07:50 to 08:20,Morning Assembly,,Classroom,Morning Assembly
650,CLASS 4 Marigold,Arshee,Monday,1,1st Period,08:30 to 9:15,Eng,Arshee,Classroom,Eng_Arshee
651,CLASS 4 Marigold,Arshee,Monday,2,2nd Period,9:15 to 10:00,EVS,Anjali Nalvanshi,Classroom,EVS_Anjali Nalvanshi
652,CLASS 4 Marigold,Arshee,Monday,3,3rd Period,10:00 to 10:45,Dictation & Cursive,Arshee,Classroom,Dictation & Cursive_Arshee
653,CLASS 4 Marigold,Arshee,Monday,4,Lunch,10:45 to 11:05,Lunch,Arshee,Classroom,Lunch _ Arshee
654,CLASS 4 Marigold,Arshee,Monday,5,4th Period,11:05 to 11:50,Maths,Neelam Sahu,Classroom,Maths_Neelam Sahu
655,CLASS 4 Marigold,Arshee,Monday,6,5th Period,11:50 to 12:30,Hindi,Rajkmari Yadav,Classroom,Hindi_Rajkmari Yadav
656,CLASS 4 Marigold,Arshee,Monday,7,6th Period,12:30 to 1:10,Hindi,Rajkmari Yadav,Classroom,Hindi_Rajkmari Yadav
657,CLASS 4 Marigold,Arshee,Monday,8,7th Period,1:10 to 1:50,,,Classroom,
658,CLASS 4 Marigold,Arshee,Tuesday,0,Morning Assembly,07:50 to 08:20,Morning Assembly,,Classroom,Morning Assembly
659,CLASS 4 Marigold,Arshee,Tuesday,1,1st Period,08:30 to 9:15,Yoga,Pradeep,Activity Hall,Yoga_Pradeep
660,CLASS 4 Marigold,Arshee,Tuesday,2,2nd Period,9:15 to 10:00,IT,Manish Chauhan,Classroom,IT_Manish Chauhan
661,CLASS 4 Marigold,Arshee,Tuesday,3,3rd Period,10:00 to 10:45,Art & Craft,Anubha,Classroom,Art & Craft_Anubha
662,CLASS 4 Marigold,Arshee,Tuesday,4,Lunch,10:45 to 11:05,Lunch,Arshee,Classroom,Lunch _ Arshee
663,CLASS 4 Marigold,Arshee,Tuesday,5,4th Period,11:05 to 11:50,Maths,Neelam Sahu,Classroom,Maths_Neelam Sahu
664,CLASS 4 Marigold,Arshee,Tuesday,6,5th Period,11:50 to 12:30,EVS,Anjali Nalvanshi,Classroom,EVS_Anjali Nalvanshi
665,CLASS 4 Marigold,Arshee,Tuesday,7,6th Period,12:30 to 1:10,Hindi,Rajkmari Yadav,Classroom,Hindi_Rajkmari Yadav
666,CLASS 4 Marigold,Arshee,Tuesday,8,7th Period,1:10 to 1:50,,,Classroom,
667,CLASS 4 Marigold,Arshee,Wednesday,0,Morning Assembly,07:50 to 08:20,Morning Assembly,,Classroom,Morning Assembly
668,CLASS 4 Marigold,Arshee,Wednesday,1,1st Period,08:30 to 9:15,Eng,Arshee,Classroom,Eng_Arshee
669,CLASS 4 Marigold,Arshee,Wednesday,2,2nd Period,9:15 to 10:00,Music,Atul,Classroom,Music_Atul
670,CLASS 4 Marigold,Arshee,Wednesday,3,3rd Period,10:00 to 10:45,Dictation & Cursive,Arshee,Classroom,Dictation & Cursive_Arshee
671,CLASS 4 Marigold,Arshee,Wednesday,4,Lunch,10:45 to 11:05,Lunch,Arshee,Classroom,Lunch _ Arshee
672,CLASS 4 Marigold,Arshee,Wednesday,5,4th Period,11:05 to 11:50,GK,Arti Sagar,Classroom,GK_Arti Sagar
673,CLASS 4 Marigold,Arshee,Wednesday,6,5th Period,11:50 to 12:30,EVS,Anjali Nalvanshi,Classroom,EVS_Anjali Nalvanshi
674,CLASS 4 Marigold,Arshee,Wednesday,7,6th Period,12:30 to 1:10,Hindi,Rajkmari Yadav,Classroom,Hindi_Rajkmari Yadav
675,CLASS 4 Marigold,Arshee,Wednesday,8,7th Period,1:10 to 1:50,,,Classroom,
676,CLASS 4 Marigold,Arshee,Thursday,0,Morning Assembly,07:50 to 08:20,Morning Assembly,,Classroom,Morning Assembly
677,CLASS 4 Marigold,Arshee,Thursday,1,1st Period,08:30 to 9:15,Eng,Arshee,Classroom,Eng_Arshee
678,CLASS 4 Marigold,Arshee,Thursday,2,2nd Period,9:15 to 10:00,Eng,Arshee,Classroom,Eng_Arshee
679,CLASS 4 Marigold,Arshee,Thursday,3,3rd Period,10:00 to 10:45,IT,Manish Chauhan,Classroom,IT_Manish Chauhan
680,CLASS 4 Marigold,Arshee,Thursday,4,Lunch,10:45 to 11:05,Lunch,Arshee,Classroom,Lunch _ Arshee
681,CLASS 4 Marigold,Arshee,Thursday,5,4th Period,11:05 to 11:50,Maths,Neelam Sahu,Classroom,Maths_Neelam Sahu
682,CLASS 4 Marigold,Arshee,Thursday,6,5th Period,11:50 to 12:30,EVS,Anjali Nalvanshi,Classroom,EVS_Anjali Nalvanshi
683,CLASS 4 Marigold,Arshee,Thursday,7,6th Period,12:30 to 1:10,Hindi,Rajkmari Yadav,Classroom,Hindi_Rajkmari Yadav
684,CLASS 4 Marigold,Arshee,Thursday,8,7th Period,1:10 to 1:50,,,Classroom,
685,CLASS 4 Marigold,Arshee,Friday,0,Morning Assembly,07:50 to 08:20,Morning Assembly,,Classroom,Morning Assembly
686,CLASS 4 Marigold,Arshee,Friday,1,1st Period,08:30 to 9:15,Eng,Arshee,Classroom,Eng_Arshee
687,CLASS 4 Marigold,Arshee,Friday,2,2nd Period,9:15 to 10:00,Maths,Neelam Sahu,Classroom,Maths_Neelam Sahu
688,CLASS 4 Marigold,Arshee,Friday,3,3rd Period,10:00 to 10:45,Games,Komal,Ground,Games_Komal
689,CLASS 4 Marigold,Arshee,Friday,4,Lunch,10:45 to 11:05,Lunch,Arshee,Classroom,Lunch _ Arshee
690,CLASS 4 Marigold,Arshee,Friday,5,4th Period,11:05 to 11:50,Art & Craft,Anubha,Classroom,Art & Craft_Anubha
691,CLASS 4 Marigold,Arshee,Friday,6,5th Period,11:50 to 12:30,EVS,Anjali Nalvanshi,Classroom,EVS_Anjali Nalvanshi
692,CLASS 4 Marigold,Arshee,Friday,7,6th Period,12:30 to 1:10,Hindi,Rajkmari Yadav,Classroom,Hindi_Rajkmari Yadav
693,CLASS 4 Marigold,Arshee,Friday,8,7th Period,1:10 to 1:50,,,Classroom,
694,CLASS 4 Marigold,Arshee,Saturday,0,Morning Assembly,07:50 to 08:20,Morning Assembly,,Classroom,Morning Assembly
695,CLASS 4 Marigold,Arshee,Saturday,1,1st Period,08:30 to 9:15,GK,Arti Sagar,Classroom,GK_Arti Sagar
696,CLASS 4 Marigold,Arshee,Saturday,2,2nd Period,9:15 to 10:00,Eng,Arshee,Classroom,Eng_Arshee
697,CLASS 4 Marigold,Arshee,Saturday,3,3rd Period,10:00 to 10:45,Games,Shikha Mishra,Ground,Games_Shikha Mishra
698,CLASS 4 Marigold,Arshee,Saturday,4,Lunch,10:45 to 11:05,Lunch,Arshee,Classroom,Lunch _ Arshee
699,CLASS 4 Marigold,Arshee,Saturday,5,4th Period,11:05 to 11:50,Maths,Neelam Sahu,Classroom,Maths_Neelam Sahu
700,CLASS 4 Marigold,Arshee,Saturday,6,5th Period,11:50 to 12:30,,,Classroom,
701,CLASS 4 Marigold,Arshee,Saturday,7,6th Period,12:30 to 1:10,,,Classroom,
702,CLASS 4 Marigold,Arshee,Saturday,8,7th Period,1:10 to 1:50,,,Classroom,
703,CLASS 4 Lily,Arti Sagar,Monday,0,Morning Assembly,07:50 to 08:20,Morning Assembly,,Classroom,Morning Assembly
704,CLASS 4 Lily,Arti Sagar,Monday,1,1st Period,08:30 to 9:15,EVS,Arti Sagar,Classroom,EVS_Arti Sagar
705,CLASS 4 Lily,Arti Sagar,Monday,2,2nd Period,9:15 to 10:00,Maths,Neelam Sahu,Classroom,Maths_Neelam Sahu
706,CLASS 4 Lily,Arti Sagar,Monday,3,3rd Period,10:00 to 10:45,Games,Shikha Mishra,Ground,Games_Shikha Mishra
707,CLASS 4 Lily,Arti Sagar,Monday,4,Lunch,10:45 to 11:05,Lunch,Arti Sagar,Classroom,Lunch _ Arti Sagar
708,CLASS 4 Lily,Arti Sagar,Monday,5,4th Period,11:05 to 11:50,Eng,Shilpi Sahu,Classroom,Eng_Shilpi Sahu
709,CLASS 4 Lily,Arti Sagar,Monday,6,5th Period,11:50 to 12:30,Hindi,Neha Rai,Classroom,Hindi_Neha Rai
710,CLASS 4 Lily,Arti Sagar,Monday,7,6th Period,12:30 to 1:10,Art & Craft,Rajaram,Classroom,Art & Craft_Rajaram
711,CLASS 4 Lily,Arti Sagar,Monday,8,7th Period,1:10 to 1:50,,,Classroom,
712,CLASS 4 Lily,Arti Sagar,Tuesday,0,Morning Assembly,07:50 to 08:20,Morning Assembly,,Classroom,Morning Assembly
713,CLASS 4 Lily,Arti Sagar,Tuesday,1,1st Period,08:30 to 9:15,EVS,Arti Sagar,Classroom,EVS_Arti Sagar
714,CLASS 4 Lily,Arti Sagar,Tuesday,2,2nd Period,9:15 to 10:00,Maths,Neelam Sahu,Classroom,Maths_Neelam Sahu
715,CLASS 4 Lily,Arti Sagar,Tuesday,3,3rd Period,10:00 to 10:45,Yoga,Pradeep,Activity Hall,Yoga_Pradeep
716,CLASS 4 Lily,Arti Sagar,Tuesday,4,Lunch,10:45 to 11:05,Lunch,Arti Sagar,Classroom,Lunch _ Arti Sagar
717,CLASS 4 Lily,Arti Sagar,Tuesday,5,4th Period,11:05 to 11:50,Eng,Shilpi Sahu,Classroom,Eng_Shilpi Sahu
718,CLASS 4 Lily,Arti Sagar,Tuesday,6,5th Period,11:50 to 12:30,Hindi,Neha Rai,Classroom,Hindi_Neha Rai
719,CLASS 4 Lily,Arti Sagar,Tuesday,7,6th Period,12:30 to 1:10,Art & Craft,Rajaram,Classroom,Art & Craft_Rajaram
720,CLASS 4 Lily,Arti Sagar,Tuesday,8,7th Period,1:10 to 1:50,,,Classroom,
721,CLASS 4 Lily,Arti Sagar,Wednesday,0,Morning Assembly,07:50 to 08:20,Morning Assembly,,Classroom,Morning Assembly
722,CLASS 4 Lily,Arti Sagar,Wednesday,1,1st Period,08:30 to 9:15,EVS,Arti Sagar,Classroom,EVS_Arti Sagar
723,CLASS 4 Lily,Arti Sagar,Wednesday,2,2nd Period,9:15 to 10:00,GK,Arti Sagar,Classroom,GK_Arti Sagar
724,CLASS 4 Lily,Arti Sagar,Wednesday,3,3rd Period,10:00 to 10:45,Maths,Neelam Sahu,Classroom,Maths_Neelam Sahu
725,CLASS 4 Lily,Arti Sagar,Wednesday,4,Lunch,10:45 to 11:05,Lunch,Arti Sagar,Classroom,Lunch _ Arti Sagar
726,CLASS 4 Lily,Arti Sagar,Wednesday,5,4th Period,11:05 to 11:50,Eng,Shilpi Sahu,Classroom,Eng_Shilpi Sahu
727,CLASS 4 Lily,Arti Sagar,Wednesday,6,5th Period,11:50 to 12:30,Hindi,Neha Rai,Classroom,Hindi_Neha Rai
728,CLASS 4 Lily,Arti Sagar,Wednesday,7,6th Period,12:30 to 1:10,IT,Manish Chauhan,Classroom,IT_Manish Chauhan
729,CLASS 4 Lily,Arti Sagar,Wednesday,8,7th Period,1:10 to 1:50,,,Classroom,
730,CLASS 4 Lily,Arti Sagar,Thursday,0,Morning Assembly,07:50 to 08:20,Morning Assembly,,Classroom,Morning Assembly
731,CLASS 4 Lily,Arti Sagar,Thursday,1,1st Period,08:30 to 9:15,EVS,Arti Sagar,Classroom,EVS_Arti Sagar
732,CLASS 4 Lily,Arti Sagar,Thursday,2,2nd Period,9:15 to 10:00,Maths,Neelam Sahu,Classroom,Maths_Neelam Sahu
733,CLASS 4 Lily,Arti Sagar,Thursday,3,3rd Period,10:00 to 10:45,Dictation & Cursive,Arshee,Classroom,Dictation & Cursive_Arshee
734,CLASS 4 Lily,Arti Sagar,Thursday,4,Lunch,10:45 to 11:05,Lunch,Arti Sagar,Classroom,Lunch _ Arti Sagar
735,CLASS 4 Lily,Arti Sagar,Thursday,5,4th Period,11:05 to 11:50,Eng,Shilpi Sahu,Classroom,Eng_Shilpi Sahu
736,CLASS 4 Lily,Arti Sagar,Thursday,6,5th Period,11:50 to 12:30,Hindi,Neha Rai,Classroom,Hindi_Neha Rai
737,CLASS 4 Lily,Arti Sagar,Thursday,7,6th Period,12:30 to 1:10,Music,Atul,Classroom,Music_Atul
738,CLASS 4 Lily,Arti Sagar,Thursday,8,7th Period,1:10 to 1:50,,,Classroom,
739,CLASS 4 Lily,Arti Sagar,Friday,0,Morning Assembly,07:50 to 08:20,Morning Assembly,,Classroom,Morning Assembly
740,CLASS 4 Lily,Arti Sagar,Friday,1,1st Period,08:30 to 9:15,EVS,Arti Sagar,Classroom,EVS_Arti Sagar
741,CLASS 4 Lily,Arti Sagar,Friday,2,2nd Period,9:15 to 10:00,Games,Komal,Ground,Games_Komal
742,CLASS 4 Lily,Arti Sagar,Friday,3,3rd Period,10:00 to 10:45,IT,Manish Chauhan,Classroom,IT_Manish Chauhan
743,CLASS 4 Lily,Arti Sagar,Friday,4,Lunch,10:45 to 11:05,Lunch,Arti Sagar,Classroom,Lunch _ Arti Sagar
744,CLASS 4 Lily,Arti Sagar,Friday,5,4th Period,11:05 to 11:50,Eng,Shilpi Sahu,Classroom,Eng_Shilpi Sahu
745,CLASS 4 Lily,Arti Sagar,Friday,6,5th Period,11:50 to 12:30,Hindi,Neha Rai,Classroom,Hindi_Neha Rai
746,CLASS 4 Lily,Arti Sagar,Friday,7,6th Period,12:30 to 1:10,Hindi,Neha Rai,Classroom,Hindi_Neha Rai
747,CLASS 4 Lily,Arti Sagar,Friday,8,7th Period,1:10 to 1:50,,,Classroom,
748,CLASS 4 Lily,Arti Sagar,Saturday,0,Morning Assembly,07:50 to 08:20,Morning Assembly,,Classroom,Morning Assembly
749,CLASS 4 Lily,Arti Sagar,Saturday,1,1st Period,08:30 to 9:15,Dictation & Cursive,Arshee,Classroom,Dictation & Cursive_Arshee
750,CLASS 4 Lily,Arti Sagar,Saturday,2,2nd Period,9:15 to 10:00,Maths,Neelam Sahu,Classroom,Maths_Neelam Sahu
751,CLASS 4 Lily,Arti Sagar,Saturday,3,3rd Period,10:00 to 10:45,GK,Arti Sagar,Classroom,GK_Arti Sagar
752,CLASS 4 Lily,Arti Sagar,Saturday,4,Lunch,10:45 to 11:05,Lunch,Arti Sagar,Classroom,Lunch _ Arti Sagar
753,CLASS 4 Lily,Arti Sagar,Saturday,5,4th Period,11:05 to 11:50,Eng,Shilpi Sahu,Classroom,Eng_Shilpi Sahu
754,CLASS 4 Lily,Arti Sagar,Saturday,6,5th Period,11:50 to 12:30,,,Classroom,
755,CLASS 4 Lily,Arti Sagar,Saturday,7,6th Period,12:30 to 1:10,,,Classroom,
756,CLASS 4 Lily,Arti Sagar,Saturday,8,7th Period,1:10 to 1:50,,,Classroom,
757,CLASS 5 Rose,Neelam Sahu,Monday,0,Morning Assembly,07:50 to 08:20,Morning Assembly,,Classroom,Morning Assembly
758,CLASS 5 Rose,Neelam Sahu,Monday,1,1st Period,08:30 to 9:15,Maths,Neelam Sahu,Classroom,Maths_Neelam Sahu
759,CLASS 5 Rose,Neelam Sahu,Monday,2,2nd Period,9:15 to 10:00,Games,Komal,Ground,Games_Komal
760,CLASS 5 Rose,Neelam Sahu,Monday,3,3rd Period,10:00 to 10:45,Hindi,Rajkmari Yadav,Classroom,Hindi_Rajkmari Yadav
761,CLASS 5 Rose,Neelam Sahu,Monday,4,Lunch,10:45 to 11:05,Lunch,Neelam Sahu,Classroom,Lunch _ Neelam Sahu
762,CLASS 5 Rose,Neelam Sahu,Monday,5,4th Period,11:05 to 11:50,Eng,Sanchitika,Classroom,Eng_Sanchitika
763,CLASS 5 Rose,Neelam Sahu,Monday,6,5th Period,11:50 to 12:30,IT,Manish Chauhan,Classroom,IT_Manish Chauhan
764,CLASS 5 Rose,Neelam Sahu,Monday,7,6th Period,12:30 to 1:10,GK,Vandna Saraf,Classroom,GK_Vandna Saraf
765,CLASS 5 Rose,Neelam Sahu,Monday,8,7th Period,1:10 to 1:50,,,Classroom,
766,CLASS 5 Rose,Neelam Sahu,Tuesday,0,Morning Assembly,07:50 to 08:20,Morning Assembly,,Classroom,Morning Assembly
767,CLASS 5 Rose,Neelam Sahu,Tuesday,1,1st Period,08:30 to 9:15,Maths,Neelam Sahu,Classroom,Maths_Neelam Sahu
768,CLASS 5 Rose,Neelam Sahu,Tuesday,2,2nd Period,9:15 to 10:00,EVS,Anjali Nalvanshi,Classroom,EVS_Anjali Nalvanshi
769,CLASS 5 Rose,Neelam Sahu,Tuesday,3,3rd Period,10:00 to 10:45,Hindi,Rajkmari Yadav,Classroom,Hindi_Rajkmari Yadav
770,CLASS 5 Rose,Neelam Sahu,Tuesday,4,Lunch,10:45 to 11:05,Lunch,Neelam Sahu,Classroom,Lunch _ Neelam Sahu
771,CLASS 5 Rose,Neelam Sahu,Tuesday,5,4th Period,11:05 to 11:50,Eng,Sanchitika,Classroom,Eng_Sanchitika
772,CLASS 5 Rose,Neelam Sahu,Tuesday,6,5th Period,11:50 to 12:30,IT,Manish Chauhan,Classroom,IT_Manish Chauhan
773,CLASS 5 Rose,Neelam Sahu,Tuesday,7,6th Period,12:30 to 1:10,GK,Vandna Saraf,Classroom,GK_Vandna Saraf
774,CLASS 5 Rose,Neelam Sahu,Tuesday,8,7th Period,1:10 to 1:50,,,Classroom,
775,CLASS 5 Rose,Neelam Sahu,Wednesday,0,Morning Assembly,07:50 to 08:20,Morning Assembly,,Classroom,Morning Assembly
776,CLASS 5 Rose,Neelam Sahu,Wednesday,1,1st Period,08:30 to 9:15,Maths,Neelam Sahu,Classroom,Maths_Neelam Sahu
777,CLASS 5 Rose,Neelam Sahu,Wednesday,2,2nd Period,9:15 to 10:00,EVS,Anjali Nalvanshi,Classroom,EVS_Anjali Nalvanshi
778,CLASS 5 Rose,Neelam Sahu,Wednesday,3,3rd Period,10:00 to 10:45,Hindi,Rajkmari Yadav,Classroom,Hindi_Rajkmari Yadav
779,CLASS 5 Rose,Neelam Sahu,Wednesday,4,Lunch,10:45 to 11:05,Lunch,Neelam Sahu,Classroom,Lunch _ Neelam Sahu
780,CLASS 5 Rose,Neelam Sahu,Wednesday,5,4th Period,11:05 to 11:50,Eng,Sanchitika,Classroom,Eng_Sanchitika
781,CLASS 5 Rose,Neelam Sahu,Wednesday,6,5th Period,11:50 to 12:30,Art & Craft,Anubha,Classroom,Art & Craft_Anubha
782,CLASS 5 Rose,Neelam Sahu,Wednesday,7,6th Period,12:30 to 1:10,Yoga,Pradeep,Activity Hall,Yoga_Pradeep
783,CLASS 5 Rose,Neelam Sahu,Wednesday,8,7th Period,1:10 to 1:50,,,Classroom,
784,CLASS 5 Rose,Neelam Sahu,Thursday,0,Morning Assembly,07:50 to 08:20,Morning Assembly,,Classroom,Morning Assembly
785,CLASS 5 Rose,Neelam Sahu,Thursday,1,1st Period,08:30 to 9:15,Maths,Neelam Sahu,Classroom,Maths_Neelam Sahu
786,CLASS 5 Rose,Neelam Sahu,Thursday,2,2nd Period,9:15 to 10:00,EVS,Anjali Nalvanshi,Classroom,EVS_Anjali Nalvanshi
787,CLASS 5 Rose,Neelam Sahu,Thursday,3,3rd Period,10:00 to 10:45,Hindi,Rajkmari Yadav,Classroom,Hindi_Rajkmari Yadav
788,CLASS 5 Rose,Neelam Sahu,Thursday,4,Lunch,10:45 to 11:05,Lunch,Neelam Sahu,Classroom,Lunch _ Neelam Sahu
789,CLASS 5 Rose,Neelam Sahu,Thursday,5,4th Period,11:05 to 11:50,Eng,Sanchitika,Classroom,Eng_Sanchitika
790,CLASS 5 Rose,Neelam Sahu,Thursday,6,5th Period,11:50 to 12:30,Dictation & Cursive,Arshee,Classroom,Dictation & Cursive_Arshee
791,CLASS 5 Rose,Neelam Sahu,Thursday,7,6th Period,12:30 to 1:10,Art & Craft,Anubha,Classroom,Art & Craft_Anubha
792,CLASS 5 Rose,Neelam Sahu,Thursday,8,7th Period,1:10 to 1:50,,,Classroom,
793,CLASS 5 Rose,Neelam Sahu,Friday,0,Morning Assembly,07:50 to 08:20,Morning Assembly,,Classroom,Morning Assembly
794,CLASS 5 Rose,Neelam Sahu,Friday,1,1st Period,08:30 to 9:15,Maths,Neelam Sahu,Classroom,Maths_Neelam Sahu
795,CLASS 5 Rose,Neelam Sahu,Friday,2,2nd Period,9:15 to 10:00,EVS,Anjali Nalvanshi,Classroom,EVS_Anjali Nalvanshi
796,CLASS 5 Rose,Neelam Sahu,Friday,3,3rd Period,10:00 to 10:45,Music,Atul,Classroom,Music_Atul
797,CLASS 5 Rose,Neelam Sahu,Friday,4,Lunch,10:45 to 11:05,Lunch,Neelam Sahu,Classroom,Lunch _ Neelam Sahu
798,CLASS 5 Rose,Neelam Sahu,Friday,5,4th Period,11:05 to 11:50,Eng,Sanchitika,Classroom,Eng_Sanchitika
799,CLASS 5 Rose,Neelam Sahu,Friday,6,5th Period,11:50 to 12:30,Hindi,Rajkmari Yadav,Classroom,Hindi_Rajkmari Yadav
800,CLASS 5 Rose,Neelam Sahu,Friday,7,6th Period,12:30 to 1:10,Games,Shikha Mishra,Ground,Games_Shikha Mishra
801,CLASS 5 Rose,Neelam Sahu,Friday,8,7th Period,1:10 to 1:50,,,Classroom,
802,CLASS 5 Rose,Neelam Sahu,Saturday,0,Morning Assembly,07:50 to 08:20,Morning Assembly,,Classroom,Morning Assembly
803,CLASS 5 Rose,Neelam Sahu,Saturday,1,1st Period,08:30 to 9:15,Hindi,Rajkmari Yadav,Classroom,Hindi_Rajkmari Yadav
804,CLASS 5 Rose,Neelam Sahu,Saturday,2,2nd Period,9:15 to 10:00,EVS,Anjali Nalvanshi,Classroom,EVS_Anjali Nalvanshi
805,CLASS 5 Rose,Neelam Sahu,Saturday,3,3rd Period,10:00 to 10:45,Dictation & Cursive,Arshee,Classroom,Dictation & Cursive_Arshee
806,CLASS 5 Rose,Neelam Sahu,Saturday,4,Lunch,10:45 to 11:05,Lunch,Neelam Sahu,Classroom,Lunch _ Neelam Sahu
807,CLASS 5 Rose,Neelam Sahu,Saturday,5,4th Period,11:05 to 11:50,Eng,Sanchitika,Classroom,Eng_Sanchitika
808,CLASS 5 Rose,Neelam Sahu,Saturday,6,5th Period,11:50 to 12:30,,,Classroom,
809,CLASS 5 Rose,Neelam Sahu,Saturday,7,6th Period,12:30 to 1:10,,,Classroom,
810,CLASS 5 Rose,Neelam Sahu,Saturday,8,7th Period,1:10 to 1:50,,,Classroom,
811,CLASS 5 Marigold,Shewta Dubey,Monday,0,Morning Assembly,07:50 to 08:20,Morning Assembly,,Classroom,Morning Assembly
812,CLASS 5 Marigold,Shewta Dubey,Monday,1,1st Period,08:30 to 9:15,Hindi,Shewta Dubey,Classroom,Hindi_Shewta Dubey
813,CLASS 5 Marigold,Shewta Dubey,Monday,2,2nd Period,9:15 to 10:00,Eng,Sanchitika,Classroom,Eng_Sanchitika
814,CLASS 5 Marigold,Shewta Dubey,Monday,3,3rd Period,10:00 to 10:45,EVS,Anjali Nalvanshi,Classroom,EVS_Anjali Nalvanshi
815,CLASS 5 Marigold,Shewta Dubey,Monday,4,Lunch,10:45 to 11:05,Lunch,Shewta Dubey,Classroom,Lunch _ Shewta Dubey
816,CLASS 5 Marigold,Shewta Dubey,Monday,5,4th Period,11:05 to 11:50,Dictation & Cursive,Arshee,Classroom,Dictation & Cursive_Arshee
817,CLASS 5 Marigold,Shewta Dubey,Monday,6,5th Period,11:50 to 12:30,Maths,Neelam Sahu,Classroom,Maths_Neelam Sahu
818,CLASS 5 Marigold,Shewta Dubey,Monday,7,6th Period,12:30 to 1:10,Games,Shikha Mishra,Ground,Games_Shikha Mishra
819,CLASS 5 Marigold,Shewta Dubey,Monday,8,7th Period,1:10 to 1:50,,,Classroom,
820,CLASS 5 Marigold,Shewta Dubey,Tuesday,0,Morning Assembly,07:50 to 08:20,Morning Assembly,,Classroom,Morning Assembly
821,CLASS 5 Marigold,Shewta Dubey,Tuesday,1,1st Period,08:30 to 9:15,Hindi,Shewta Dubey,Classroom,Hindi_Shewta Dubey
822,CLASS 5 Marigold,Shewta Dubey,Tuesday,2,2nd Period,9:15 to 10:00,Eng,Sanchitika,Classroom,Eng_Sanchitika
823,CLASS 5 Marigold,Shewta Dubey,Tuesday,3,3rd Period,10:00 to 10:45,EVS,Anjali Nalvanshi,Classroom,EVS_Anjali Nalvanshi
824,CLASS 5 Marigold,Shewta Dubey,Tuesday,4,Lunch,10:45 to 11:05,Lunch,Shewta Dubey,Classroom,Lunch _ Shewta Dubey
825,CLASS 5 Marigold,Shewta Dubey,Tuesday,5,4th Period,11:05 to 11:50,Dictation & Cursive,Arshee,Classroom,Dictation & Cursive_Arshee
826,CLASS 5 Marigold,Shewta Dubey,Tuesday,6,5th Period,11:50 to 12:30,Maths,Neelam Sahu,Classroom,Maths_Neelam Sahu
827,CLASS 5 Marigold,Shewta Dubey,Tuesday,7,6th Period,12:30 to 1:10,Yoga,Pradeep,Activity Hall,Yoga_Pradeep
828,CLASS 5 Marigold,Shewta Dubey,Tuesday,8,7th Period,1:10 to 1:50,,,Classroom,
829,CLASS 5 Marigold,Shewta Dubey,Wednesday,0,Morning Assembly,07:50 to 08:20,Morning Assembly,,Classroom,Morning Assembly
830,CLASS 5 Marigold,Shewta Dubey,Wednesday,1,1st Period,08:30 to 9:15,Hindi,Shewta Dubey,Classroom,Hindi_Shewta Dubey
831,CLASS 5 Marigold,Shewta Dubey,Wednesday,2,2nd Period,9:15 to 10:00,Eng,Sanchitika,Classroom,Eng_Sanchitika
832,CLASS 5 Marigold,Shewta Dubey,Wednesday,3,3rd Period,10:00 to 10:45,EVS,Anjali Nalvanshi,Classroom,EVS_Anjali Nalvanshi
833,CLASS 5 Marigold,Shewta Dubey,Wednesday,4,Lunch,10:45 to 11:05,Lunch,Shewta Dubey,Classroom,Lunch _ Shewta Dubey
834,CLASS 5 Marigold,Shewta Dubey,Wednesday,5,4th Period,11:05 to 11:50,GK,Neelam Sahu,Classroom,GK_Neelam Sahu
835,CLASS 5 Marigold,Shewta Dubey,Wednesday,6,5th Period,11:50 to 12:30,Maths,Neelam Sahu,Classroom,Maths_Neelam Sahu
836,CLASS 5 Marigold,Shewta Dubey,Wednesday,7,6th Period,12:30 to 1:10,Games,Komal,Ground,Games_Komal
837,CLASS 5 Marigold,Shewta Dubey,Wednesday,8,7th Period,1:10 to 1:50,,,Classroom,
838,CLASS 5 Marigold,Shewta Dubey,Thursday,0,Morning Assembly,07:50 to 08:20,Morning Assembly,,Classroom,Morning Assembly
839,CLASS 5 Marigold,Shewta Dubey,Thursday,1,1st Period,08:30 to 9:15,Hindi,Shewta Dubey,Classroom,Hindi_Shewta Dubey
840,CLASS 5 Marigold,Shewta Dubey,Thursday,2,2nd Period,9:15 to 10:00,Eng,Sanchitika,Classroom,Eng_Sanchitika
841,CLASS 5 Marigold,Shewta Dubey,Thursday,3,3rd Period,10:00 to 10:45,EVS,Anjali Nalvanshi,Classroom,EVS_Anjali Nalvanshi
842,CLASS 5 Marigold,Shewta Dubey,Thursday,4,Lunch,10:45 to 11:05,Lunch,Shewta Dubey,Classroom,Lunch _ Shewta Dubey
843,CLASS 5 Marigold,Shewta Dubey,Thursday,5,4th Period,11:05 to 11:50,Art & Craft,Anubha,Classroom,Art & Craft_Anubha
844,CLASS 5 Marigold,Shewta Dubey,Thursday,6,5th Period,11:50 to 12:30,Maths,Neelam Sahu,Classroom,Maths_Neelam Sahu
845,CLASS 5 Marigold,Shewta Dubey,Thursday,7,6th Period,12:30 to 1:10,IT,Manish Chauhan,Classroom,IT_Manish Chauhan
846,CLASS 5 Marigold,Shewta Dubey,Thursday,8,7th Period,1:10 to 1:50,,,Classroom,
847,CLASS 5 Marigold,Shewta Dubey,Friday,0,Morning Assembly,07:50 to 08:20,Morning Assembly,,Classroom,Morning Assembly
848,CLASS 5 Marigold,Shewta Dubey,Friday,1,1st Period,08:30 to 9:15,Hindi,Shewta Dubey,Classroom,Hindi_Shewta Dubey
849,CLASS 5 Marigold,Shewta Dubey,Friday,2,2nd Period,9:15 to 10:00,Eng,Sanchitika,Classroom,Eng_Sanchitika
850,CLASS 5 Marigold,Shewta Dubey,Friday,3,3rd Period,10:00 to 10:45,Art & Craft,Anubha,Classroom,Art & Craft_Anubha
851,CLASS 5 Marigold,Shewta Dubey,Friday,4,Lunch,10:45 to 11:05,Lunch,Shewta Dubey,Classroom,Lunch _ Shewta Dubey
852,CLASS 5 Marigold,Shewta Dubey,Friday,5,4th Period,11:05 to 11:50,GK,Neelam Sahu,Classroom,GK_Neelam Sahu
853,CLASS 5 Marigold,Shewta Dubey,Friday,6,5th Period,11:50 to 12:30,Maths,Neelam Sahu,Classroom,Maths_Neelam Sahu
854,CLASS 5 Marigold,Shewta Dubey,Friday,7,6th Period,12:30 to 1:10,IT,Manish Chauhan,Classroom,IT_Manish Chauhan
855,CLASS 5 Marigold,Shewta Dubey,Friday,8,7th Period,1:10 to 1:50,,,Classroom,
856,CLASS 5 Marigold,Shewta Dubey,Saturday,0,Morning Assembly,07:50 to 08:20,Morning Assembly,,Classroom,Morning Assembly
857,CLASS 5 Marigold,Shewta Dubey,Saturday,1,1st Period,08:30 to 9:15,Hindi,Shewta Dubey,Classroom,Hindi_Shewta Dubey
858,CLASS 5 Marigold,Shewta Dubey,Saturday,2,2nd Period,9:15 to 10:00,Eng,Sanchitika,Classroom,Eng_Sanchitika
859,CLASS 5 Marigold,Shewta Dubey,Saturday,3,3rd Period,10:00 to 10:45,EVS,Anjali Nalvanshi,Classroom,EVS_Anjali Nalvanshi
860,CLASS 5 Marigold,Shewta Dubey,Saturday,4,Lunch,10:45 to 11:05,Lunch,Shewta Dubey,Classroom,Lunch _ Shewta Dubey
861,CLASS 5 Marigold,Shewta Dubey,Saturday,5,4th Period,11:05 to 11:50,Music,Atul,Classroom,Music_Atul
862,CLASS 5 Marigold,Shewta Dubey,Saturday,6,5th Period,11:50 to 12:30,,,Classroom,
863,CLASS 5 Marigold,Shewta Dubey,Saturday,7,6th Period,12:30 to 1:10,,,Classroom,
864,CLASS 5 Marigold,Shewta Dubey,Saturday,8,7th Period,1:10 to 1:50,,,Classroom,
865,CLASS 5 Lily,Sanchitika,Monday,0,Morning Assembly,07:50 to 08:20,Morning Assembly,,Classroom,Morning Assembly
866,CLASS 5 Lily,Sanchitika,Monday,1,1st Period,08:30 to 9:15,Eng,Sanchitika,Classroom,Eng_Sanchitika
867,CLASS 5 Lily,Sanchitika,Monday,2,2nd Period,9:15 to 10:00,Maths,Avdesh,Classroom,Maths_Avdesh
868,CLASS 5 Lily,Sanchitika,Monday,3,3rd Period,10:00 to 10:45,IT,Manish Chauhan,Classroom,IT_Manish Chauhan
869,CLASS 5 Lily,Sanchitika,Monday,4,Lunch,10:45 to 11:05,Lunch,Sanchitika,Classroom,Lunch _ Sanchitika
870,CLASS 5 Lily,Sanchitika,Monday,5,4th Period,11:05 to 11:50,Hindi,Rajkmari Yadav,Classroom,Hindi_Rajkmari Yadav
871,CLASS 5 Lily,Sanchitika,Monday,6,5th Period,11:50 to 12:30,Games,Shikha Mishra,Ground,Games_Shikha Mishra
872,CLASS 5 Lily,Sanchitika,Monday,7,6th Period,12:30 to 1:10,EVS,Anjali Nalvanshi,Classroom,EVS_Anjali Nalvanshi
873,CLASS 5 Lily,Sanchitika,Monday,8,7th Period,1:10 to 1:50,,,Classroom,
874,CLASS 5 Lily,Sanchitika,Tuesday,0,Morning Assembly,07:50 to 08:20,Morning Assembly,,Classroom,Morning Assembly
875,CLASS 5 Lily,Sanchitika,Tuesday,1,1st Period,08:30 to 9:15,IT,Manish Chauhan,Classroom,IT_Manish Chauhan
876,CLASS 5 Lily,Sanchitika,Tuesday,2,2nd Period,9:15 to 10:00,Maths,Avdesh,Classroom,Maths_Avdesh
877,CLASS 5 Lily,Sanchitika,Tuesday,3,3rd Period,10:00 to 10:45,Dictation & Cursive,Arshee,Classroom,Dictation & Cursive_Arshee
878,CLASS 5 Lily,Sanchitika,Tuesday,4,Lunch,10:45 to 11:05,Lunch,Sanchitika,Classroom,Lunch _ Sanchitika
879,CLASS 5 Lily,Sanchitika,Tuesday,5,4th Period,11:05 to 11:50,Hindi,Rajkmari Yadav,Classroom,Hindi_Rajkmari Yadav
880,CLASS 5 Lily,Sanchitika,Tuesday,6,5th Period,11:50 to 12:30,Eng,Sanchitika,Classroom,Eng_Sanchitika
881,CLASS 5 Lily,Sanchitika,Tuesday,7,6th Period,12:30 to 1:10,EVS,Anjali Nalvanshi,Classroom,EVS_Anjali Nalvanshi
882,CLASS 5 Lily,Sanchitika,Tuesday,8,7th Period,1:10 to 1:50,,,Classroom,
883,CLASS 5 Lily,Sanchitika,Wednesday,0,Morning Assembly,07:50 to 08:20,Morning Assembly,,Classroom,Morning Assembly
884,CLASS 5 Lily,Sanchitika,Wednesday,1,1st Period,08:30 to 9:15,Eng,Sanchitika,Classroom,Eng_Sanchitika
885,CLASS 5 Lily,Sanchitika,Wednesday,2,2nd Period,9:15 to 10:00,Maths,Avdesh,Classroom,Maths_Avdesh
886,CLASS 5 Lily,Sanchitika,Wednesday,3,3rd Period,10:00 to 10:45,Art & Craft,Anubha,Classroom,Art & Craft_Anubha
887,CLASS 5 Lily,Sanchitika,Wednesday,4,Lunch,10:45 to 11:05,Lunch,Sanchitika,Classroom,Lunch _ Sanchitika
888,CLASS 5 Lily,Sanchitika,Wednesday,5,4th Period,11:05 to 11:50,Hindi,Rajkmari Yadav,Classroom,Hindi_Rajkmari Yadav
889,CLASS 5 Lily,Sanchitika,Wednesday,6,5th Period,11:50 to 12:30,Yoga,Pradeep,Activity Hall,Yoga_Pradeep
890,CLASS 5 Lily,Sanchitika,Wednesday,7,6th Period,12:30 to 1:10,EVS,Anjali Nalvanshi,Classroom,EVS_Anjali Nalvanshi
891,CLASS 5 Lily,Sanchitika,Wednesday,8,7th Period,1:10 to 1:50,,,Classroom,
892,CLASS 5 Lily,Sanchitika,Thursday,0,Morning Assembly,07:50 to 08:20,Morning Assembly,,Classroom,Morning Assembly
893,CLASS 5 Lily,Sanchitika,Thursday,1,1st Period,08:30 to 9:15,Eng,Sanchitika,Classroom,Eng_Sanchitika
894,CLASS 5 Lily,Sanchitika,Thursday,2,2nd Period,9:15 to 10:00,Games,Komal,Ground,Games_Komal
895,CLASS 5 Lily,Sanchitika,Thursday,3,3rd Period,10:00 to 10:45,Art & Craft,Anubha,Classroom,Art & Craft_Anubha
896,CLASS 5 Lily,Sanchitika,Thursday,4,Lunch,10:45 to 11:05,Lunch,Sanchitika,Classroom,Lunch _ Sanchitika
897,CLASS 5 Lily,Sanchitika,Thursday,5,4th Period,11:05 to 11:50,Hindi,Rajkmari Yadav,Classroom,Hindi_Rajkmari Yadav
898,CLASS 5 Lily,Sanchitika,Thursday,6,5th Period,11:50 to 12:30,Music,Atul,Classroom,Music_Atul
899,CLASS 5 Lily,Sanchitika,Thursday,7,6th Period,12:30 to 1:10,EVS,Anjali Nalvanshi,Classroom,EVS_Anjali Nalvanshi
900,CLASS 5 Lily,Sanchitika,Thursday,8,7th Period,1:10 to 1:50,,,Classroom,
901,CLASS 5 Lily,Sanchitika,Friday,0,Morning Assembly,07:50 to 08:20,Morning Assembly,,Classroom,Morning Assembly
902,CLASS 5 Lily,Sanchitika,Friday,1,1st Period,08:30 to 9:15,Eng,Sanchitika,Classroom,Eng_Sanchitika
903,CLASS 5 Lily,Sanchitika,Friday,2,2nd Period,9:15 to 10:00,Maths,Avdesh,Classroom,Maths_Avdesh
904,CLASS 5 Lily,Sanchitika,Friday,3,3rd Period,10:00 to 10:45,Dictation & Cursive,Arshee,Classroom,Dictation & Cursive_Arshee
905,CLASS 5 Lily,Sanchitika,Friday,4,Lunch,10:45 to 11:05,Lunch,Sanchitika,Classroom,Lunch _ Sanchitika
906,CLASS 5 Lily,Sanchitika,Friday,5,4th Period,11:05 to 11:50,Hindi,Rajkmari Yadav,Classroom,Hindi_Rajkmari Yadav
907,CLASS 5 Lily,Sanchitika,Friday,6,5th Period,11:50 to 12:30,GK,Raji Jain,Classroom,GK_Raji Jain
908,CLASS 5 Lily,Sanchitika,Friday,7,6th Period,12:30 to 1:10,EVS,Anjali Nalvanshi,Classroom,EVS_Anjali Nalvanshi
909,CLASS 5 Lily,Sanchitika,Friday,8,7th Period,1:10 to 1:50,,,Classroom,
910,CLASS 5 Lily,Sanchitika,Saturday,0,Morning Assembly,07:50 to 08:20,Morning Assembly,,Classroom,Morning Assembly
911,CLASS 5 Lily,Sanchitika,Saturday,1,1st Period,08:30 to 9:15,Eng,Sanchitika,Classroom,Eng_Sanchitika
912,CLASS 5 Lily,Sanchitika,Saturday,2,2nd Period,9:15 to 10:00,Maths,Avdesh,Classroom,Maths_Avdesh
913,CLASS 5 Lily,Sanchitika,Saturday,3,3rd Period,10:00 to 10:45,GK,Raji Jain,Classroom,GK_Raji Jain
914,CLASS 5 Lily,Sanchitika,Saturday,4,Lunch,10:45 to 11:05,Lunch,Sanchitika,Classroom,Lunch _ Sanchitika
915,CLASS 5 Lily,Sanchitika,Saturday,5,4th Period,11:05 to 11:50,Hindi,Rajkmari Yadav,Classroom,Hindi_Rajkmari Yadav
916,CLASS 5 Lily,Sanchitika,Saturday,6,5th Period,11:50 to 12:30,,,Classroom,
917,CLASS 5 Lily,Sanchitika,Saturday,7,6th Period,12:30 to 1:10,,,Classroom,
918,CLASS 5 Lily,Sanchitika,Saturday,8,7th Period,1:10 to 1:50,,,Classroom,
919,CLASS 5 Sunflower,Anjali Nalvanshi,Monday,0,Morning Assembly,07:50 to 08:20,Morning Assembly,,Classroom,Morning Assembly
920,CLASS 5 Sunflower,Anjali Nalvanshi,Monday,1,1st Period,08:30 to 9:15,EVS,Anjali Nalvanshi,Classroom,EVS_Anjali Nalvanshi
921,CLASS 5 Sunflower,Anjali Nalvanshi,Monday,2,2nd Period,9:15 to 10:00,Hindi,Rajkmari Yadav,Classroom,Hindi_Rajkmari Yadav
922,CLASS 5 Sunflower,Anjali Nalvanshi,Monday,3,3rd Period,10:00 to 10:45,Eng,Sanchitika,Classroom,Eng_Sanchitika
923,CLASS 5 Sunflower,Anjali Nalvanshi,Monday,4,Lunch,10:45 to 11:05,Lunch,Anjali Nalvanshi,Classroom,Lunch _ Anjali Nalvanshi
924,CLASS 5 Sunflower,Anjali Nalvanshi,Monday,5,4th Period,11:05 to 11:50,GK,Anjali Nalvanshi,Classroom,GK_Anjali Nalvanshi
925,CLASS 5 Sunflower,Anjali Nalvanshi,Monday,6,5th Period,11:50 to 12:30,Maths,Avdesh,Classroom,Maths_Avdesh
926,CLASS 5 Sunflower,Anjali Nalvanshi,Monday,7,6th Period,12:30 to 1:10,IT,Manish Chauhan,Classroom,IT_Manish Chauhan
927,CLASS 5 Sunflower,Anjali Nalvanshi,Monday,8,7th Period,1:10 to 1:50,,,Classroom,
928,CLASS 5 Sunflower,Anjali Nalvanshi,Tuesday,0,Morning Assembly,07:50 to 08:20,Morning Assembly,,Classroom,Morning Assembly
929,CLASS 5 Sunflower,Anjali Nalvanshi,Tuesday,1,1st Period,08:30 to 9:15,Dictation & Cursive,Arshee,Classroom,Dictation & Cursive_Arshee
930,CLASS 5 Sunflower,Anjali Nalvanshi,Tuesday,2,2nd Period,9:15 to 10:00,Hindi,Rajkmari Yadav,Classroom,Hindi_Rajkmari Yadav
931,CLASS 5 Sunflower,Anjali Nalvanshi,Tuesday,3,3rd Period,10:00 to 10:45,Eng,Sanchitika,Classroom,Eng_Sanchitika
932,CLASS 5 Sunflower,Anjali Nalvanshi,Tuesday,4,Lunch,10:45 to 11:05,Lunch,Anjali Nalvanshi,Classroom,Lunch _ Anjali Nalvanshi
933,CLASS 5 Sunflower,Anjali Nalvanshi,Tuesday,5,4th Period,11:05 to 11:50,GK,Anjali Nalvanshi,Classroom,GK_Anjali Nalvanshi
934,CLASS 5 Sunflower,Anjali Nalvanshi,Tuesday,6,5th Period,11:50 to 12:30,Maths,Avdesh,Classroom,Maths_Avdesh
935,CLASS 5 Sunflower,Anjali Nalvanshi,Tuesday,7,6th Period,12:30 to 1:10,IT,Manish Chauhan,Classroom,IT_Manish Chauhan
936,CLASS 5 Sunflower,Anjali Nalvanshi,Tuesday,8,7th Period,1:10 to 1:50,,,Classroom,
937,CLASS 5 Sunflower,Anjali Nalvanshi,Wednesday,0,Morning Assembly,07:50 to 08:20,Morning Assembly,,Classroom,Morning Assembly
938,CLASS 5 Sunflower,Anjali Nalvanshi,Wednesday,1,1st Period,08:30 to 9:15,EVS,Anjali Nalvanshi,Classroom,EVS_Anjali Nalvanshi
939,CLASS 5 Sunflower,Anjali Nalvanshi,Wednesday,2,2nd Period,9:15 to 10:00,Hindi,Rajkmari Yadav,Classroom,Hindi_Rajkmari Yadav
940,CLASS 5 Sunflower,Anjali Nalvanshi,Wednesday,3,3rd Period,10:00 to 10:45,Eng,Sanchitika,Classroom,Eng_Sanchitika
941,CLASS 5 Sunflower,Anjali Nalvanshi,Wednesday,4,Lunch,10:45 to 11:05,Lunch,Anjali Nalvanshi,Classroom,Lunch _ Anjali Nalvanshi
942,CLASS 5 Sunflower,Anjali Nalvanshi,Wednesday,5,4th Period,11:05 to 11:50,Music,Atul,Classroom,Music_Atul
943,CLASS 5 Sunflower,Anjali Nalvanshi,Wednesday,6,5th Period,11:50 to 12:30,Maths,Avdesh,Classroom,Maths_Avdesh
944,CLASS 5 Sunflower,Anjali Nalvanshi,Wednesday,7,6th Period,12:30 to 1:10,Games,Shikha Mishra,Ground,Games_Shikha Mishra
945,CLASS 5 Sunflower,Anjali Nalvanshi,Wednesday,8,7th Period,1:10 to 1:50,,,Classroom,
946,CLASS 5 Sunflower,Anjali Nalvanshi,Thursday,0,Morning Assembly,07:50 to 08:20,Morning Assembly,,Classroom,Morning Assembly
947,CLASS 5 Sunflower,Anjali Nalvanshi,Thursday,1,1st Period,08:30 to 9:15,EVS,Anjali Nalvanshi,Classroom,EVS_Anjali Nalvanshi
948,CLASS 5 Sunflower,Anjali Nalvanshi,Thursday,2,2nd Period,9:15 to 10:00,Hindi,Rajkmari Yadav,Classroom,Hindi_Rajkmari Yadav
949,CLASS 5 Sunflower,Anjali Nalvanshi,Thursday,3,3rd Period,10:00 to 10:45,Eng,Sanchitika,Classroom,Eng_Sanchitika
950,CLASS 5 Sunflower,Anjali Nalvanshi,Thursday,4,Lunch,10:45 to 11:05,Lunch,Anjali Nalvanshi,Classroom,Lunch _ Anjali Nalvanshi
951,CLASS 5 Sunflower,Anjali Nalvanshi,Thursday,5,4th Period,11:05 to 11:50,Dictation & Cursive,Arshee,Classroom,Dictation & Cursive_Arshee
952,CLASS 5 Sunflower,Anjali Nalvanshi,Thursday,6,5th Period,11:50 to 12:30,Maths,Avdesh,Classroom,Maths_Avdesh
953,CLASS 5 Sunflower,Anjali Nalvanshi,Thursday,7,6th Period,12:30 to 1:10,Yoga,Pradeep,Activity Hall,Yoga_Pradeep
954,CLASS 5 Sunflower,Anjali Nalvanshi,Thursday,8,7th Period,1:10 to 1:50,,,Classroom,
955,CLASS 5 Sunflower,Anjali Nalvanshi,Friday,0,Morning Assembly,07:50 to 08:20,Morning Assembly,,Classroom,Morning Assembly
956,CLASS 5 Sunflower,Anjali Nalvanshi,Friday,1,1st Period,08:30 to 9:15,EVS,Anjali Nalvanshi,Classroom,EVS_Anjali Nalvanshi
957,CLASS 5 Sunflower,Anjali Nalvanshi,Friday,2,2nd Period,9:15 to 10:00,Hindi,Rajkmari Yadav,Classroom,Hindi_Rajkmari Yadav
958,CLASS 5 Sunflower,Anjali Nalvanshi,Friday,3,3rd Period,10:00 to 10:45,Eng,Sanchitika,Classroom,Eng_Sanchitika
959,CLASS 5 Sunflower,Anjali Nalvanshi,Friday,4,Lunch,10:45 to 11:05,Lunch,Anjali Nalvanshi,Classroom,Lunch _ Anjali Nalvanshi
960,CLASS 5 Sunflower,Anjali Nalvanshi,Friday,5,4th Period,11:05 to 11:50,Games,Komal,Ground,Games_Komal
961,CLASS 5 Sunflower,Anjali Nalvanshi,Friday,6,5th Period,11:50 to 12:30,Maths,Avdesh,Classroom,Maths_Avdesh
962,CLASS 5 Sunflower,Anjali Nalvanshi,Friday,7,6th Period,12:30 to 1:10,Art & Craft,Anubha,Classroom,Art & Craft_Anubha
963,CLASS 5 Sunflower,Anjali Nalvanshi,Friday,8,7th Period,1:10 to 1:50,,,Classroom,
964,CLASS 5 Sunflower,Anjali Nalvanshi,Saturday,0,Morning Assembly,07:50 to 08:20,Morning Assembly,,Classroom,Morning Assembly
965,CLASS 5 Sunflower,Anjali Nalvanshi,Saturday,1,1st Period,08:30 to 9:15,EVS,Anjali Nalvanshi,Classroom,EVS_Anjali Nalvanshi
966,CLASS 5 Sunflower,Anjali Nalvanshi,Saturday,2,2nd Period,9:15 to 10:00,Hindi,Rajkmari Yadav,Classroom,Hindi_Rajkmari Yadav
967,CLASS 5 Sunflower,Anjali Nalvanshi,Saturday,3,3rd Period,10:00 to 10:45,Eng,Sanchitika,Classroom,Eng_Sanchitika
968,CLASS 5 Sunflower,Anjali Nalvanshi,Saturday,4,Lunch,10:45 to 11:05,Lunch,Anjali Nalvanshi,Classroom,Lunch _ Anjali Nalvanshi
969,CLASS 5 Sunflower,Anjali Nalvanshi,Saturday,5,4th Period,11:05 to 11:50,Art & Craft,Anubha,Classroom,Art & Craft_Anubha
970,CLASS 5 Sunflower,Anjali Nalvanshi,Saturday,6,5th Period,11:50 to 12:30,,,Classroom,
971,CLASS 5 Sunflower,Anjali Nalvanshi,Saturday,7,6th Period,12:30 to 1:10,,,Classroom,
972,CLASS 5 Sunflower,Anjali Nalvanshi,Saturday,8,7th Period,1:10 to 1:50,,,Classroom,
973,CLASS 6 Rose,Shruti Badkul,Monday,0,Morning Assembly,07:50 to 08:20,Morning Assembly,,Classroom,Morning Assembly
974,CLASS 6 Rose,Shruti Badkul,Monday,1,1st Period,08:30 to 9:15,Science,Somya Nayak,Classroom,Science_Somya Nayak
975,CLASS 6 Rose,Shruti Badkul,Monday,2,2nd Period,9:15 to 10:00,SST,Shruti Badkul,Classroom,SST_Shruti Badkul
976,CLASS 6 Rose,Shruti Badkul,Monday,3,3rd Period,10:00 to 10:45,Eng,Harshita,Classroom,Eng_Harshita
977,CLASS 6 Rose,Shruti Badkul,Monday,4,Lunch,10:45 to 11:05,Lunch,Shruti Badkul,Classroom,Lunch _ Shruti Badkul
978,CLASS 6 Rose,Shruti Badkul,Monday,5,4th Period,11:05 to 11:50,Hindi,Shewta Dubey,Classroom,Hindi_Shewta Dubey
979,CLASS 6 Rose,Shruti Badkul,Monday,6,5th Period,11:50 to 12:30,GK,Anjali Nalvanshi,Classroom,GK_Anjali Nalvanshi
980,CLASS 6 Rose,Shruti Badkul,Monday,7,6th Period,12:30 to 1:10,Maths,Neelam Sahu,Classroom,Maths_Neelam Sahu
981,CLASS 6 Rose,Shruti Badkul,Monday,8,7th Period,1:10 to 1:50,SKT,Jageshwar Sharma,Classroom,SKT_Jageshwar Sharma
982,CLASS 6 Rose,Shruti Badkul,Tuesday,0,Morning Assembly,07:50 to 08:20,Morning Assembly,,Classroom,Morning Assembly
983,CLASS 6 Rose,Shruti Badkul,Tuesday,1,1st Period,08:30 to 9:15,Science,Somya Nayak,Classroom,Science_Somya Nayak
984,CLASS 6 Rose,Shruti Badkul,Tuesday,2,2nd Period,9:15 to 10:00,Games,Geetesh,Ground,Games_Geetesh
985,CLASS 6 Rose,Shruti Badkul,Tuesday,3,3rd Period,10:00 to 10:45,SST,Shruti Badkul,Classroom,SST_Shruti Badkul
986,CLASS 6 Rose,Shruti Badkul,Tuesday,4,Lunch,10:45 to 11:05,Lunch,Shruti Badkul,Classroom,Lunch _ Shruti Badkul
987,CLASS 6 Rose,Shruti Badkul,Tuesday,5,4th Period,11:05 to 11:50,Hindi,Shewta Dubey,Classroom,Hindi_Shewta Dubey
988,CLASS 6 Rose,Shruti Badkul,Tuesday,6,5th Period,11:50 to 12:30,SKT,Jageshwar Sharma,Classroom,SKT_Jageshwar Sharma
989,CLASS 6 Rose,Shruti Badkul,Tuesday,7,6th Period,12:30 to 1:10,Maths,Neelam Sahu,Classroom,Maths_Neelam Sahu
990,CLASS 6 Rose,Shruti Badkul,Tuesday,8,7th Period,1:10 to 1:50,GK,Anjali Nalvanshi,Classroom,GK_Anjali Nalvanshi
991,CLASS 6 Rose,Shruti Badkul,Wednesday,0,Morning Assembly,07:50 to 08:20,Morning Assembly,,Classroom,Morning Assembly
992,CLASS 6 Rose,Shruti Badkul,Wednesday,1,1st Period,08:30 to 9:15,Science,Somya Nayak,Classroom,Science_Somya Nayak
993,CLASS 6 Rose,Shruti Badkul,Wednesday,2,2nd Period,9:15 to 10:00,SST,Shruti Badkul,Classroom,SST_Shruti Badkul
994,CLASS 6 Rose,Shruti Badkul,Wednesday,3,3rd Period,10:00 to 10:45,Eng,Harshita,Classroom,Eng_Harshita
995,CLASS 6 Rose,Shruti Badkul,Wednesday,4,Lunch,10:45 to 11:05,Lunch,Shruti Badkul,Classroom,Lunch _ Shruti Badkul
996,CLASS 6 Rose,Shruti Badkul,Wednesday,5,4th Period,11:05 to 11:50,Hindi,Shewta Dubey,Classroom,Hindi_Shewta Dubey
997,CLASS 6 Rose,Shruti Badkul,Wednesday,6,5th Period,11:50 to 12:30,IT,Manish Chauhan,Classroom,IT_Manish Chauhan
998,CLASS 6 Rose,Shruti Badkul,Wednesday,7,6th Period,12:30 to 1:10,Maths,Neelam Sahu,Classroom,Maths_Neelam Sahu
999,CLASS 6 Rose,Shruti Badkul,Wednesday,8,7th Period,1:10 to 1:50,Maths,Neelam Sahu,Classroom,Maths_Neelam Sahu
1000,CLASS 6 Rose,Shruti Badkul,Thursday,0,Morning Assembly,07:50 to 08:20,Morning Assembly,,Classroom,Morning Assembly
1001,CLASS 6 Rose,Shruti Badkul,Thursday,1,1st Period,08:30 to 9:15,Science,Somya Nayak,Classroom,Science_Somya Nayak
1002,CLASS 6 Rose,Shruti Badkul,Thursday,2,2nd Period,9:15 to 10:00,SST,Shruti Badkul,Classroom,SST_Shruti Badkul
1003,CLASS 6 Rose,Shruti Badkul,Thursday,3,3rd Period,10:00 to 10:45,Eng,Harshita,Classroom,Eng_Harshita
1004,CLASS 6 Rose,Shruti Badkul,Thursday,4,Lunch,10:45 to 11:05,Lunch,Shruti Badkul,Classroom,Lunch _ Shruti Badkul
1005,CLASS 6 Rose,Shruti Badkul,Thursday,5,4th Period,11:05 to 11:50,Hindi,Shewta Dubey,Classroom,Hindi_Shewta Dubey
1006,CLASS 6 Rose,Shruti Badkul,Thursday,6,5th Period,11:50 to 12:30,Games,Shikha Mishra,Ground,Games_Shikha Mishra
1007,CLASS 6 Rose,Shruti Badkul,Thursday,7,6th Period,12:30 to 1:10,Maths,Neelam Sahu,Classroom,Maths_Neelam Sahu
1008,CLASS 6 Rose,Shruti Badkul,Thursday,8,7th Period,1:10 to 1:50,Music,Atul,Classroom,Music_Atul
1009,CLASS 6 Rose,Shruti Badkul,Friday,0,Morning Assembly,07:50 to 08:20,Morning Assembly,,Classroom,Morning Assembly
1010,CLASS 6 Rose,Shruti Badkul,Friday,1,1st Period,08:30 to 9:15,Science,Somya Nayak,Classroom,Science_Somya Nayak
1011,CLASS 6 Rose,Shruti Badkul,Friday,2,2nd Period,9:15 to 10:00,SST,Shruti Badkul,Classroom,SST_Shruti Badkul
1012,CLASS 6 Rose,Shruti Badkul,Friday,3,3rd Period,10:00 to 10:45,Eng,Harshita,Classroom,Eng_Harshita
1013,CLASS 6 Rose,Shruti Badkul,Friday,4,Lunch,10:45 to 11:05,Lunch,Shruti Badkul,Classroom,Lunch _ Shruti Badkul
1014,CLASS 6 Rose,Shruti Badkul,Friday,5,4th Period,11:05 to 11:50,Hindi,Shewta Dubey,Classroom,Hindi_Shewta Dubey
1015,CLASS 6 Rose,Shruti Badkul,Friday,6,5th Period,11:50 to 12:30,Yoga,Pradeep,Activity Hall,Yoga_Pradeep
1016,CLASS 6 Rose,Shruti Badkul,Friday,7,6th Period,12:30 to 1:10,Maths,Neelam Sahu,Classroom,Maths_Neelam Sahu
1017,CLASS 6 Rose,Shruti Badkul,Friday,8,7th Period,1:10 to 1:50,Music,Atul,Classroom,Music_Atul
1018,CLASS 6 Rose,Shruti Badkul,Saturday,0,Morning Assembly,07:50 to 08:20,Morning Assembly,,Classroom,Morning Assembly
1019,CLASS 6 Rose,Shruti Badkul,Saturday,1,1st Period,08:30 to 9:15,IT,Manish Chauhan,Classroom,IT_Manish Chauhan
1020,CLASS 6 Rose,Shruti Badkul,Saturday,2,2nd Period,9:15 to 10:00,Art & Craft,Rajaram,Classroom,Art & Craft_Rajaram
1021,CLASS 6 Rose,Shruti Badkul,Saturday,3,3rd Period,10:00 to 10:45,Eng,Harshita,Classroom,Eng_Harshita
1022,CLASS 6 Rose,Shruti Badkul,Saturday,4,Lunch,10:45 to 11:05,Lunch,Shruti Badkul,Classroom,Lunch _ Shruti Badkul
1023,CLASS 6 Rose,Shruti Badkul,Saturday,5,4th Period,11:05 to 11:50,SKT,Jageshwar Sharma,Classroom,SKT_Jageshwar Sharma
1024,CLASS 6 Rose,Shruti Badkul,Saturday,6,5th Period,11:50 to 12:30,,,Classroom,
1025,CLASS 6 Rose,Shruti Badkul,Saturday,7,6th Period,12:30 to 1:10,,,Classroom,
1026,CLASS 6 Rose,Shruti Badkul,Saturday,8,7th Period,1:10 to 1:50,,,Classroom,
1027,CLASS 6 Marigold,Nidhi,Monday,0,Morning Assembly,07:50 to 08:20,Morning Assembly,,Classroom,Morning Assembly
1028,CLASS 6 Marigold,Nidhi,Monday,1,1st Period,08:30 to 9:15,Hindi,Nidhi,Classroom,Hindi_Nidhi
1029,CLASS 6 Marigold,Nidhi,Monday,2,2nd Period,9:15 to 10:00,Music,Atul,Classroom,Music_Atul
1030,CLASS 6 Marigold,Nidhi,Monday,3,3rd Period,10:00 to 10:45,Maths,Avdesh,Classroom,Maths_Avdesh
1031,CLASS 6 Marigold,Nidhi,Monday,4,Lunch,10:45 to 11:05,Lunch,Nidhi,Classroom,Lunch _ Nidhi
1032,CLASS 6 Marigold,Nidhi,Monday,5,4th Period,11:05 to 11:50,IT,Manish Chauhan,Classroom,IT_Manish Chauhan
1033,CLASS 6 Marigold,Nidhi,Monday,6,5th Period,11:50 to 12:30,SKT,Jageshwar Sharma,Classroom,SKT_Jageshwar Sharma
1034,CLASS 6 Marigold,Nidhi,Monday,7,6th Period,12:30 to 1:10,Eng,Sanchitika,Classroom,Eng_Sanchitika
1035,CLASS 6 Marigold,Nidhi,Monday,8,7th Period,1:10 to 1:50,Science,Charulata,Classroom,Science_Charulata
1036,CLASS 6 Marigold,Nidhi,Tuesday,0,Morning Assembly,07:50 to 08:20,Morning Assembly,,Classroom,Morning Assembly
1037,CLASS 6 Marigold,Nidhi,Tuesday,1,1st Period,08:30 to 9:15,Music,Atul,Classroom,Music_Atul
1038,CLASS 6 Marigold,Nidhi,Tuesday,2,2nd Period,9:15 to 10:00,SST,Anuraj,Classroom,SST_Anuraj
1039,CLASS 6 Marigold,Nidhi,Tuesday,3,3rd Period,10:00 to 10:45,Maths,Avdesh,Classroom,Maths_Avdesh
1040,CLASS 6 Marigold,Nidhi,Tuesday,4,Lunch,10:45 to 11:05,Lunch,Nidhi,Classroom,Lunch _ Nidhi
1041,CLASS 6 Marigold,Nidhi,Tuesday,5,4th Period,11:05 to 11:50,Yoga,Pradeep,Activity Hall,Yoga_Pradeep
1042,CLASS 6 Marigold,Nidhi,Tuesday,6,5th Period,11:50 to 12:30,Games,Shikha Mishra,Ground,Games_Shikha Mishra
1043,CLASS 6 Marigold,Nidhi,Tuesday,7,6th Period,12:30 to 1:10,Eng,Sanchitika,Classroom,Eng_Sanchitika
1044,CLASS 6 Marigold,Nidhi,Tuesday,8,7th Period,1:10 to 1:50,Science,Charulata,Classroom,Science_Charulata
1045,CLASS 6 Marigold,Nidhi,Wednesday,0,Morning Assembly,07:50 to 08:20,Morning Assembly,,Classroom,Morning Assembly
1046,CLASS 6 Marigold,Nidhi,Wednesday,1,1st Period,08:30 to 9:15,Hindi,Nidhi,Classroom,Hindi_Nidhi
1047,CLASS 6 Marigold,Nidhi,Wednesday,2,2nd Period,9:15 to 10:00,SST,Anuraj,Classroom,SST_Anuraj
1048,CLASS 6 Marigold,Nidhi,Wednesday,3,3rd Period,10:00 to 10:45,Maths,Avdesh,Classroom,Maths_Avdesh
1049,CLASS 6 Marigold,Nidhi,Wednesday,4,Lunch,10:45 to 11:05,Lunch,Nidhi,Classroom,Lunch _ Nidhi
1050,CLASS 6 Marigold,Nidhi,Wednesday,5,4th Period,11:05 to 11:50,Art & Craft,Rajaram,Classroom,Art & Craft_Rajaram
1051,CLASS 6 Marigold,Nidhi,Wednesday,6,5th Period,11:50 to 12:30,SKT,Jageshwar Sharma,Classroom,SKT_Jageshwar Sharma
1052,CLASS 6 Marigold,Nidhi,Wednesday,7,6th Period,12:30 to 1:10,Eng,Sanchitika,Classroom,Eng_Sanchitika
1053,CLASS 6 Marigold,Nidhi,Wednesday,8,7th Period,1:10 to 1:50,Science,Charulata,Classroom,Science_Charulata
1054,CLASS 6 Marigold,Nidhi,Thursday,0,Morning Assembly,07:50 to 08:20,Morning Assembly,,Classroom,Morning Assembly
1055,CLASS 6 Marigold,Nidhi,Thursday,1,1st Period,08:30 to 9:15,Hindi,Nidhi,Classroom,Hindi_Nidhi
1056,CLASS 6 Marigold,Nidhi,Thursday,2,2nd Period,9:15 to 10:00,SST,Anuraj,Classroom,SST_Anuraj
1057,CLASS 6 Marigold,Nidhi,Thursday,3,3rd Period,10:00 to 10:45,Maths,Avdesh,Classroom,Maths_Avdesh
1058,CLASS 6 Marigold,Nidhi,Thursday,4,Lunch,10:45 to 11:05,Lunch,Nidhi,Classroom,Lunch _ Nidhi
1059,CLASS 6 Marigold,Nidhi,Thursday,5,4th Period,11:05 to 11:50,Games,Shikha Mishra,Ground,Games_Shikha Mishra
1060,CLASS 6 Marigold,Nidhi,Thursday,6,5th Period,11:50 to 12:30,SKT,Jageshwar Sharma,Classroom,SKT_Jageshwar Sharma
1061,CLASS 6 Marigold,Nidhi,Thursday,7,6th Period,12:30 to 1:10,Eng,Sanchitika,Classroom,Eng_Sanchitika
1062,CLASS 6 Marigold,Nidhi,Thursday,8,7th Period,1:10 to 1:50,Science,Charulata,Classroom,Science_Charulata
1063,CLASS 6 Marigold,Nidhi,Friday,0,Morning Assembly,07:50 to 08:20,Morning Assembly,,Classroom,Morning Assembly
1064,CLASS 6 Marigold,Nidhi,Friday,1,1st Period,08:30 to 9:15,Hindi,Nidhi,Classroom,Hindi_Nidhi
1065,CLASS 6 Marigold,Nidhi,Friday,2,2nd Period,9:15 to 10:00,SST,Anuraj,Classroom,SST_Anuraj
1066,CLASS 6 Marigold,Nidhi,Friday,3,3rd Period,10:00 to 10:45,Maths,Avdesh,Classroom,Maths_Avdesh
1067,CLASS 6 Marigold,Nidhi,Friday,4,Lunch,10:45 to 11:05,Lunch,Nidhi,Classroom,Lunch _ Nidhi
1068,CLASS 6 Marigold,Nidhi,Friday,5,4th Period,11:05 to 11:50,GK,Anjali Nalvanshi,Classroom,GK_Anjali Nalvanshi
1069,CLASS 6 Marigold,Nidhi,Friday,6,5th Period,11:50 to 12:30,IT,Manish Chauhan,Classroom,IT_Manish Chauhan
1070,CLASS 6 Marigold,Nidhi,Friday,7,6th Period,12:30 to 1:10,Eng,Sanchitika,Classroom,Eng_Sanchitika
1071,CLASS 6 Marigold,Nidhi,Friday,8,7th Period,1:10 to 1:50,Science,Charulata,Classroom,Science_Charulata
1072,CLASS 6 Marigold,Nidhi,Saturday,0,Morning Assembly,07:50 to 08:20,Morning Assembly,,Classroom,Morning Assembly
1073,CLASS 6 Marigold,Nidhi,Saturday,1,1st Period,08:30 to 9:15,Hindi,Nidhi,Classroom,Hindi_Nidhi
1074,CLASS 6 Marigold,Nidhi,Saturday,2,2nd Period,9:15 to 10:00,SST,Anuraj,Classroom,SST_Anuraj
1075,CLASS 6 Marigold,Nidhi,Saturday,3,3rd Period,10:00 to 10:45,Maths,Avdesh,Classroom,Maths_Avdesh
1076,CLASS 6 Marigold,Nidhi,Saturday,4,Lunch,10:45 to 11:05,Lunch,Nidhi,Classroom,Lunch _ Nidhi
1077,CLASS 6 Marigold,Nidhi,Saturday,5,4th Period,11:05 to 11:50,GK,Anjali Nalvanshi,Classroom,GK_Anjali Nalvanshi
1078,CLASS 6 Marigold,Nidhi,Saturday,6,5th Period,11:50 to 12:30,,,Classroom,
1079,CLASS 6 Marigold,Nidhi,Saturday,7,6th Period,12:30 to 1:10,,,Classroom,
1080,CLASS 6 Marigold,Nidhi,Saturday,8,7th Period,1:10 to 1:50,,,Classroom,
1081,CLASS 6 Lily,Avdesh,Monday,0,Morning Assembly,07:50 to 08:20,Morning Assembly,,Classroom,Morning Assembly
1082,CLASS 6 Lily,Avdesh,Monday,1,1st Period,08:30 to 9:15,Maths,Avdesh,Classroom,Maths_Avdesh
1083,CLASS 6 Lily,Avdesh,Monday,2,2nd Period,9:15 to 10:00,Hindi,Shewta Dubey,Classroom,Hindi_Shewta Dubey
1084,CLASS 6 Lily,Avdesh,Monday,3,3rd Period,10:00 to 10:45,SST,Anuraj,Classroom,SST_Anuraj
1085,CLASS 6 Lily,Avdesh,Monday,4,Lunch,10:45 to 11:05,Lunch,Avdesh,Classroom,Lunch _ Avdesh
1086,CLASS 6 Lily,Avdesh,Monday,5,4th Period,11:05 to 11:50,Games,Komal,Ground,Games_Komal
1087,CLASS 6 Lily,Avdesh,Monday,6,5th Period,11:50 to 12:30,GK,Sanchitika,Classroom,GK_Sanchitika
1088,CLASS 6 Lily,Avdesh,Monday,7,6th Period,12:30 to 1:10,SKT,Jageshwar Sharma,Classroom,SKT_Jageshwar Sharma
1089,CLASS 6 Lily,Avdesh,Monday,8,7th Period,1:10 to 1:50,Eng,Sanchitika,Classroom,Eng_Sanchitika
1090,CLASS 6 Lily,Avdesh,Tuesday,0,Morning Assembly,07:50 to 08:20,Morning Assembly,,Classroom,Morning Assembly
1091,CLASS 6 Lily,Avdesh,Tuesday,1,1st Period,08:30 to 9:15,Maths,Avdesh,Classroom,Maths_Avdesh
1092,CLASS 6 Lily,Avdesh,Tuesday,2,2nd Period,9:15 to 10:00,Music,Atul,Classroom,Music_Atul
1093,CLASS 6 Lily,Avdesh,Tuesday,3,3rd Period,10:00 to 10:45,SST,Anuraj,Classroom,SST_Anuraj
1094,CLASS 6 Lily,Avdesh,Tuesday,4,Lunch,10:45 to 11:05,Lunch,Avdesh,Classroom,Lunch _ Avdesh
1095,CLASS 6 Lily,Avdesh,Tuesday,5,4th Period,11:05 to 11:50,IT,Manish Chauhan,Classroom,IT_Manish Chauhan
1096,CLASS 6 Lily,Avdesh,Tuesday,6,5th Period,11:50 to 12:30,Science,Charulata,Classroom,Science_Charulata
1097,CLASS 6 Lily,Avdesh,Tuesday,7,6th Period,12:30 to 1:10,Hindi,Shewta Dubey,Classroom,Hindi_Shewta Dubey
1098,CLASS 6 Lily,Avdesh,Tuesday,8,7th Period,1:10 to 1:50,Eng,Sanchitika,Classroom,Eng_Sanchitika
1099,CLASS 6 Lily,Avdesh,Wednesday,0,Morning Assembly,07:50 to 08:20,Morning Assembly,,Classroom,Morning Assembly
1100,CLASS 6 Lily,Avdesh,Wednesday,1,1st Period,08:30 to 9:15,Maths,Avdesh,Classroom,Maths_Avdesh
1101,CLASS 6 Lily,Avdesh,Wednesday,2,2nd Period,9:15 to 10:00,Games,Shikha Mishra,Ground,Games_Shikha Mishra
1102,CLASS 6 Lily,Avdesh,Wednesday,3,3rd Period,10:00 to 10:45,SST,Anuraj,Classroom,SST_Anuraj
1103,CLASS 6 Lily,Avdesh,Wednesday,4,Lunch,10:45 to 11:05,Lunch,Avdesh,Classroom,Lunch _ Avdesh
1104,CLASS 6 Lily,Avdesh,Wednesday,5,4th Period,11:05 to 11:50,Science,Charulata,Classroom,Science_Charulata
1105,CLASS 6 Lily,Avdesh,Wednesday,6,5th Period,11:50 to 12:30,GK,Sanchitika,Classroom,GK_Sanchitika
1106,CLASS 6 Lily,Avdesh,Wednesday,7,6th Period,12:30 to 1:10,Art & Craft,Rajaram,Classroom,Art & Craft_Rajaram
1107,CLASS 6 Lily,Avdesh,Wednesday,8,7th Period,1:10 to 1:50,Eng,Sanchitika,Classroom,Eng_Sanchitika
1108,CLASS 6 Lily,Avdesh,Thursday,0,Morning Assembly,07:50 to 08:20,Morning Assembly,,Classroom,Morning Assembly
1109,CLASS 6 Lily,Avdesh,Thursday,1,1st Period,08:30 to 9:15,IT,Manish Chauhan,Classroom,IT_Manish Chauhan
1110,CLASS 6 Lily,Avdesh,Thursday,2,2nd Period,9:15 to 10:00,Maths,Avdesh,Classroom,Maths_Avdesh
1111,CLASS 6 Lily,Avdesh,Thursday,3,3rd Period,10:00 to 10:45,SST,Anuraj,Classroom,SST_Anuraj
1112,CLASS 6 Lily,Avdesh,Thursday,4,Lunch,10:45 to 11:05,Lunch,Avdesh,Classroom,Lunch _ Avdesh
1113,CLASS 6 Lily,Avdesh,Thursday,5,4th Period,11:05 to 11:50,SKT,Jageshwar Sharma,Classroom,SKT_Jageshwar Sharma
1114,CLASS 6 Lily,Avdesh,Thursday,6,5th Period,11:50 to 12:30,Science,Charulata,Classroom,Science_Charulata
1115,CLASS 6 Lily,Avdesh,Thursday,7,6th Period,12:30 to 1:10,Hindi,Shewta Dubey,Classroom,Hindi_Shewta Dubey
1116,CLASS 6 Lily,Avdesh,Thursday,8,7th Period,1:10 to 1:50,Eng,Sanchitika,Classroom,Eng_Sanchitika
1117,CLASS 6 Lily,Avdesh,Friday,0,Morning Assembly,07:50 to 08:20,Morning Assembly,,Classroom,Morning Assembly
1118,CLASS 6 Lily,Avdesh,Friday,1,1st Period,08:30 to 9:15,Maths,Avdesh,Classroom,Maths_Avdesh
1119,CLASS 6 Lily,Avdesh,Friday,2,2nd Period,9:15 to 10:00,Music,Atul,Classroom,Music_Atul
1120,CLASS 6 Lily,Avdesh,Friday,3,3rd Period,10:00 to 10:45,Yoga,Pradeep,Activity Hall,Yoga_Pradeep
1121,CLASS 6 Lily,Avdesh,Friday,4,Lunch,10:45 to 11:05,Lunch,Avdesh,Classroom,Lunch _ Avdesh
1122,CLASS 6 Lily,Avdesh,Friday,5,4th Period,11:05 to 11:50,SKT,Jageshwar Sharma,Classroom,SKT_Jageshwar Sharma
1123,CLASS 6 Lily,Avdesh,Friday,6,5th Period,11:50 to 12:30,Science,Charulata,Classroom,Science_Charulata
1124,CLASS 6 Lily,Avdesh,Friday,7,6th Period,12:30 to 1:10,Hindi,Shewta Dubey,Classroom,Hindi_Shewta Dubey
1125,CLASS 6 Lily,Avdesh,Friday,8,7th Period,1:10 to 1:50,Eng,Sanchitika,Classroom,Eng_Sanchitika
1126,CLASS 6 Lily,Avdesh,Saturday,0,Morning Assembly,07:50 to 08:20,Morning Assembly,,Classroom,Morning Assembly
1127,CLASS 6 Lily,Avdesh,Saturday,1,1st Period,08:30 to 9:15,Science,Charulata,Classroom,Science_Charulata
1128,CLASS 6 Lily,Avdesh,Saturday,2,2nd Period,9:15 to 10:00,Hindi,Shewta Dubey,Classroom,Hindi_Shewta Dubey
1129,CLASS 6 Lily,Avdesh,Saturday,3,3rd Period,10:00 to 10:45,SST,Anuraj,Classroom,SST_Anuraj
1130,CLASS 6 Lily,Avdesh,Saturday,4,Lunch,10:45 to 11:05,Lunch,Avdesh,Classroom,Lunch _ Avdesh
1131,CLASS 6 Lily,Avdesh,Saturday,5,4th Period,11:05 to 11:50,Maths,Avdesh,Classroom,Maths_Avdesh
1132,CLASS 6 Lily,Avdesh,Saturday,6,5th Period,11:50 to 12:30,,,Classroom,
1133,CLASS 6 Lily,Avdesh,Saturday,7,6th Period,12:30 to 1:10,,,Classroom,
1134,CLASS 6 Lily,Avdesh,Saturday,8,7th Period,1:10 to 1:50,,,Classroom,
1135,CLASS 6 Sunflower,Harshita,Monday,0,Morning Assembly,07:50 to 08:20,Morning Assembly,,Classroom,Morning Assembly
1136,CLASS 6 Sunflower,Harshita,Monday,1,1st Period,08:30 to 9:15,Eng,Harshita,Classroom,Eng_Harshita
1137,CLASS 6 Sunflower,Harshita,Monday,2,2nd Period,9:15 to 10:00,Maths,Deepmali,Classroom,Maths_Deepmali
1138,CLASS 6 Sunflower,Harshita,Monday,3,3rd Period,10:00 to 10:45,SKT,Jageshwar Sharma,Classroom,SKT_Jageshwar Sharma
1139,CLASS 6 Sunflower,Harshita,Monday,4,Lunch,10:45 to 11:05,Lunch,Harshita,Classroom,Lunch _ Harshita
1140,CLASS 6 Sunflower,Harshita,Monday,5,4th Period,11:05 to 11:50,SST,Shruti Badkul,Classroom,SST_Shruti Badkul
1141,CLASS 6 Sunflower,Harshita,Monday,6,5th Period,11:50 to 12:30,Hindi,Shewta Dubey,Classroom,Hindi_Shewta Dubey
1142,CLASS 6 Sunflower,Harshita,Monday,7,6th Period,12:30 to 1:10,Science,Charulata,Classroom,Science_Charulata
1143,CLASS 6 Sunflower,Harshita,Monday,8,7th Period,1:10 to 1:50,Music,Atul,Classroom,Music_Atul
1144,CLASS 6 Sunflower,Harshita,Tuesday,0,Morning Assembly,07:50 to 08:20,Morning Assembly,,Classroom,Morning Assembly
1145,CLASS 6 Sunflower,Harshita,Tuesday,1,1st Period,08:30 to 9:15,Eng,Harshita,Classroom,Eng_Harshita
1146,CLASS 6 Sunflower,Harshita,Tuesday,2,2nd Period,9:15 to 10:00,Maths,Deepmali,Classroom,Maths_Deepmali
1147,CLASS 6 Sunflower,Harshita,Tuesday,3,3rd Period,10:00 to 10:45,SKT,Jageshwar Sharma,Classroom,SKT_Jageshwar Sharma
1148,CLASS 6 Sunflower,Harshita,Tuesday,4,Lunch,10:45 to 11:05,Lunch,Harshita,Classroom,Lunch _ Harshita
1149,CLASS 6 Sunflower,Harshita,Tuesday,5,4th Period,11:05 to 11:50,SST,Shruti Badkul,Classroom,SST_Shruti Badkul
1150,CLASS 6 Sunflower,Harshita,Tuesday,6,5th Period,11:50 to 12:30,Hindi,Shewta Dubey,Classroom,Hindi_Shewta Dubey
1151,CLASS 6 Sunflower,Harshita,Tuesday,7,6th Period,12:30 to 1:10,Science,Charulata,Classroom,Science_Charulata
1152,CLASS 6 Sunflower,Harshita,Tuesday,8,7th Period,1:10 to 1:50,Music,Atul,Classroom,Music_Atul
1153,CLASS 6 Sunflower,Harshita,Wednesday,0,Morning Assembly,07:50 to 08:20,Morning Assembly,,Classroom,Morning Assembly
1154,CLASS 6 Sunflower,Harshita,Wednesday,1,1st Period,08:30 to 9:15,IT,Manish Chauhan,Classroom,IT_Manish Chauhan
1155,CLASS 6 Sunflower,Harshita,Wednesday,2,2nd Period,9:15 to 10:00,Maths,Deepmali,Classroom,Maths_Deepmali
1156,CLASS 6 Sunflower,Harshita,Wednesday,3,3rd Period,10:00 to 10:45,SKT,Jageshwar Sharma,Classroom,SKT_Jageshwar Sharma
1157,CLASS 6 Sunflower,Harshita,Wednesday,4,Lunch,10:45 to 11:05,Lunch,Harshita,Classroom,Lunch _ Harshita
1158,CLASS 6 Sunflower,Harshita,Wednesday,5,4th Period,11:05 to 11:50,GK,Anjali Nalvanshi,Classroom,GK_Anjali Nalvanshi
1159,CLASS 6 Sunflower,Harshita,Wednesday,6,5th Period,11:50 to 12:30,Hindi,Shewta Dubey,Classroom,Hindi_Shewta Dubey
1160,CLASS 6 Sunflower,Harshita,Wednesday,7,6th Period,12:30 to 1:10,Science,Charulata,Classroom,Science_Charulata
1161,CLASS 6 Sunflower,Harshita,Wednesday,8,7th Period,1:10 to 1:50,GK,Anjali Nalvanshi,Classroom,GK_Anjali Nalvanshi
1162,CLASS 6 Sunflower,Harshita,Thursday,0,Morning Assembly,07:50 to 08:20,Morning Assembly,,Classroom,Morning Assembly
1163,CLASS 6 Sunflower,Harshita,Thursday,1,1st Period,08:30 to 9:15,Eng,Harshita,Classroom,Eng_Harshita
1164,CLASS 6 Sunflower,Harshita,Thursday,2,2nd Period,9:15 to 10:00,Maths,Deepmali,Classroom,Maths_Deepmali
1165,CLASS 6 Sunflower,Harshita,Thursday,3,3rd Period,10:00 to 10:45,SST,Shruti Badkul,Classroom,SST_Shruti Badkul
1166,CLASS 6 Sunflower,Harshita,Thursday,4,Lunch,10:45 to 11:05,Lunch,Harshita,Classroom,Lunch _ Harshita
1167,CLASS 6 Sunflower,Harshita,Thursday,5,4th Period,11:05 to 11:50,IT,Manish Chauhan,Classroom,IT_Manish Chauhan
1168,CLASS 6 Sunflower,Harshita,Thursday,6,5th Period,11:50 to 12:30,Hindi,Shewta Dubey,Classroom,Hindi_Shewta Dubey
1169,CLASS 6 Sunflower,Harshita,Thursday,7,6th Period,12:30 to 1:10,Science,Charulata,Classroom,Science_Charulata
1170,CLASS 6 Sunflower,Harshita,Thursday,8,7th Period,1:10 to 1:50,Eng,Harshita,Classroom,Eng_Harshita
1171,CLASS 6 Sunflower,Harshita,Friday,0,Morning Assembly,07:50 to 08:20,Morning Assembly,,Classroom,Morning Assembly
1172,CLASS 6 Sunflower,Harshita,Friday,1,1st Period,08:30 to 9:15,Eng,Harshita,Classroom,Eng_Harshita
1173,CLASS 6 Sunflower,Harshita,Friday,2,2nd Period,9:15 to 10:00,Maths,Deepmali,Classroom,Maths_Deepmali
1174,CLASS 6 Sunflower,Harshita,Friday,3,3rd Period,10:00 to 10:45,Hindi,Shewta Dubey,Classroom,Hindi_Shewta Dubey
1175,CLASS 6 Sunflower,Harshita,Friday,4,Lunch,10:45 to 11:05,Lunch,Harshita,Classroom,Lunch _ Harshita
1176,CLASS 6 Sunflower,Harshita,Friday,5,4th Period,11:05 to 11:50,SST,Shruti Badkul,Classroom,SST_Shruti Badkul
1177,CLASS 6 Sunflower,Harshita,Friday,6,5th Period,11:50 to 12:30,Games,Geetesh,Ground,Games_Geetesh
1178,CLASS 6 Sunflower,Harshita,Friday,7,6th Period,12:30 to 1:10,Science,Charulata,Classroom,Science_Charulata
1179,CLASS 6 Sunflower,Harshita,Friday,8,7th Period,1:10 to 1:50,Yoga,Pradeep,Activity Hall,Yoga_Pradeep
1180,CLASS 6 Sunflower,Harshita,Saturday,0,Morning Assembly,07:50 to 08:20,Morning Assembly,,Classroom,Morning Assembly
1181,CLASS 6 Sunflower,Harshita,Saturday,1,1st Period,08:30 to 9:15,Games,Shikha Mishra,Ground,Games_Shikha Mishra
1182,CLASS 6 Sunflower,Harshita,Saturday,2,2nd Period,9:15 to 10:00,Maths,Deepmali,Classroom,Maths_Deepmali
1183,CLASS 6 Sunflower,Harshita,Saturday,3,3rd Period,10:00 to 10:45,Art & Craft,Rajaram,Classroom,Art & Craft_Rajaram
1184,CLASS 6 Sunflower,Harshita,Saturday,4,Lunch,10:45 to 11:05,Lunch,Harshita,Classroom,Lunch _ Harshita
1185,CLASS 6 Sunflower,Harshita,Saturday,5,4th Period,11:05 to 11:50,SST,Shruti Badkul,Classroom,SST_Shruti Badkul
1186,CLASS 6 Sunflower,Harshita,Saturday,6,5th Period,11:50 to 12:30,,,Classroom,
1187,CLASS 6 Sunflower,Harshita,Saturday,7,6th Period,12:30 to 1:10,,,Classroom,
1188,CLASS 6 Sunflower,Harshita,Saturday,8,7th Period,1:10 to 1:50,,,Classroom,
1189,CLASS 7 Rose,Charulata,Monday,0,Morning Assembly,07:50 to 08:20,Morning Assembly,,Classroom,Morning Assembly
1190,CLASS 7 Rose,Charulata,Monday,1,1st Period,08:30 to 9:15,Science,Charulata,Classroom,Science_Charulata
1191,CLASS 7 Rose,Charulata,Monday,2,2nd Period,9:15 to 10:00,Eng,Harshita,Classroom,Eng_Harshita
1192,CLASS 7 Rose,Charulata,Monday,3,3rd Period,10:00 to 10:45,Yoga,Pradeep,Activity Hall,Yoga_Pradeep
1193,CLASS 7 Rose,Charulata,Monday,4,Lunch,10:45 to 11:05,Lunch,Charulata,Classroom,Lunch _ Charulata
1194,CLASS 7 Rose,Charulata,Monday,5,4th Period,11:05 to 11:50,SKT,Jageshwar Sharma,Classroom,SKT_Jageshwar Sharma
1195,CLASS 7 Rose,Charulata,Monday,6,5th Period,11:50 to 12:30,Hindi,Nidhi,Classroom,Hindi_Nidhi
1196,CLASS 7 Rose,Charulata,Monday,7,6th Period,12:30 to 1:10,Maths,Deepmali,Classroom,Maths_Deepmali
1197,CLASS 7 Rose,Charulata,Monday,8,7th Period,1:10 to 1:50,GK,Anuraj,Classroom,GK_Anuraj
1198,CLASS 7 Rose,Charulata,Tuesday,0,Morning Assembly,07:50 to 08:20,Morning Assembly,,Classroom,Morning Assembly
1199,CLASS 7 Rose,Charulata,Tuesday,1,1st Period,08:30 to 9:15,Science,Charulata,Classroom,Science_Charulata
1200,CLASS 7 Rose,Charulata,Tuesday,2,2nd Period,9:15 to 10:00,Eng,Harshita,Classroom,Eng_Harshita
1201,CLASS 7 Rose,Charulata,Tuesday,3,3rd Period,10:00 to 10:45,Music,Atul,Classroom,Music_Atul
1202,CLASS 7 Rose,Charulata,Tuesday,4,Lunch,10:45 to 11:05,Lunch,Charulata,Classroom,Lunch _ Charulata
1203,CLASS 7 Rose,Charulata,Tuesday,5,4th Period,11:05 to 11:50,SKT,Jageshwar Sharma,Classroom,SKT_Jageshwar Sharma
1204,CLASS 7 Rose,Charulata,Tuesday,6,5th Period,11:50 to 12:30,Hindi,Nidhi,Classroom,Hindi_Nidhi
1205,CLASS 7 Rose,Charulata,Tuesday,7,6th Period,12:30 to 1:10,Maths,Deepmali,Classroom,Maths_Deepmali
1206,CLASS 7 Rose,Charulata,Tuesday,8,7th Period,1:10 to 1:50,SST,Anuraj,Classroom,SST_Anuraj
1207,CLASS 7 Rose,Charulata,Wednesday,0,Morning Assembly,07:50 to 08:20,Morning Assembly,,Classroom,Morning Assembly
1208,CLASS 7 Rose,Charulata,Wednesday,1,1st Period,08:30 to 9:15,Science,Charulata,Classroom,Science_Charulata
1209,CLASS 7 Rose,Charulata,Wednesday,2,2nd Period,9:15 to 10:00,Eng,Harshita,Classroom,Eng_Harshita
1210,CLASS 7 Rose,Charulata,Wednesday,3,3rd Period,10:00 to 10:45,IT,Manish Chauhan,Classroom,IT_Manish Chauhan
1211,CLASS 7 Rose,Charulata,Wednesday,4,Lunch,10:45 to 11:05,Lunch,Charulata,Classroom,Lunch _ Charulata
1212,CLASS 7 Rose,Charulata,Wednesday,5,4th Period,11:05 to 11:50,SKT,Jageshwar Sharma,Classroom,SKT_Jageshwar Sharma
1213,CLASS 7 Rose,Charulata,Wednesday,6,5th Period,11:50 to 12:30,Hindi,Nidhi,Classroom,Hindi_Nidhi
1214,CLASS 7 Rose,Charulata,Wednesday,7,6th Period,12:30 to 1:10,SST,Anuraj,Classroom,SST_Anuraj
1215,CLASS 7 Rose,Charulata,Wednesday,8,7th Period,1:10 to 1:50,Maths,Deepmali,Classroom,Maths_Deepmali
1216,CLASS 7 Rose,Charulata,Thursday,0,Morning Assembly,07:50 to 08:20,Morning Assembly,,Classroom,Morning Assembly
1217,CLASS 7 Rose,Charulata,Thursday,1,1st Period,08:30 to 9:15,Science,Charulata,Classroom,Science_Charulata
1218,CLASS 7 Rose,Charulata,Thursday,2,2nd Period,9:15 to 10:00,Games,Geetesh,Ground,Games_Geetesh
1219,CLASS 7 Rose,Charulata,Thursday,3,3rd Period,10:00 to 10:45,Games,Shikha Mishra,Ground,Games_Shikha Mishra
1220,CLASS 7 Rose,Charulata,Thursday,4,Lunch,10:45 to 11:05,Lunch,Charulata,Classroom,Lunch _ Charulata
1221,CLASS 7 Rose,Charulata,Thursday,5,4th Period,11:05 to 11:50,Music,Atul,Classroom,Music_Atul
1222,CLASS 7 Rose,Charulata,Thursday,6,5th Period,11:50 to 12:30,Hindi,Nidhi,Classroom,Hindi_Nidhi
1223,CLASS 7 Rose,Charulata,Thursday,7,6th Period,12:30 to 1:10,SST,Anuraj,Classroom,SST_Anuraj
1224,CLASS 7 Rose,Charulata,Thursday,8,7th Period,1:10 to 1:50,Maths,Deepmali,Classroom,Maths_Deepmali
1225,CLASS 7 Rose,Charulata,Friday,0,Morning Assembly,07:50 to 08:20,Morning Assembly,,Classroom,Morning Assembly
1226,CLASS 7 Rose,Charulata,Friday,1,1st Period,08:30 to 9:15,Science,Charulata,Classroom,Science_Charulata
1227,CLASS 7 Rose,Charulata,Friday,2,2nd Period,9:15 to 10:00,Eng,Harshita,Classroom,Eng_Harshita
1228,CLASS 7 Rose,Charulata,Friday,3,3rd Period,10:00 to 10:45,GK,Anuraj,Classroom,GK_Anuraj
1229,CLASS 7 Rose,Charulata,Friday,4,Lunch,10:45 to 11:05,Lunch,Charulata,Classroom,Lunch _ Charulata
1230,CLASS 7 Rose,Charulata,Friday,5,4th Period,11:05 to 11:50,Art & Craft,Rajaram,Classroom,Art & Craft_Rajaram
1231,CLASS 7 Rose,Charulata,Friday,6,5th Period,11:50 to 12:30,Hindi,Nidhi,Classroom,Hindi_Nidhi
1232,CLASS 7 Rose,Charulata,Friday,7,6th Period,12:30 to 1:10,SST,Anuraj,Classroom,SST_Anuraj
1233,CLASS 7 Rose,Charulata,Friday,8,7th Period,1:10 to 1:50,Maths,Deepmali,Classroom,Maths_Deepmali
1234,CLASS 7 Rose,Charulata,Saturday,0,Morning Assembly,07:50 to 08:20,Morning Assembly,,Classroom,Morning Assembly
1235,CLASS 7 Rose,Charulata,Saturday,1,1st Period,08:30 to 9:15,Maths,Deepmali,Classroom,Maths_Deepmali
1236,CLASS 7 Rose,Charulata,Saturday,2,2nd Period,9:15 to 10:00,Eng,Harshita,Classroom,Eng_Harshita
1237,CLASS 7 Rose,Charulata,Saturday,3,3rd Period,10:00 to 10:45,IT,Manish Chauhan,Classroom,IT_Manish Chauhan
1238,CLASS 7 Rose,Charulata,Saturday,4,Lunch,10:45 to 11:05,Lunch,Charulata,Classroom,Lunch _ Charulata
1239,CLASS 7 Rose,Charulata,Saturday,5,4th Period,11:05 to 11:50,SST,Anuraj,Classroom,SST_Anuraj
1240,CLASS 7 Rose,Charulata,Saturday,6,5th Period,11:50 to 12:30,,,Classroom,
1241,CLASS 7 Rose,Charulata,Saturday,7,6th Period,12:30 to 1:10,,,Classroom,
1242,CLASS 7 Rose,Charulata,Saturday,8,7th Period,1:10 to 1:50,,,Classroom,
1243,CLASS 7 Marigold,Deepmali,Monday,0,Morning Assembly,07:50 to 08:20,Morning Assembly,,Classroom,Morning Assembly
1244,CLASS 7 Marigold,Deepmali,Monday,1,1st Period,08:30 to 9:15,SST,Shruti Badkul,Classroom,SST_Shruti Badkul
1245,CLASS 7 Marigold,Deepmali,Monday,2,2nd Period,9:15 to 10:00,GK,Anuraj,Classroom,GK_Anuraj
1246,CLASS 7 Marigold,Deepmali,Monday,3,3rd Period,10:00 to 10:45,Hindi,Shewta Dubey,Classroom,Hindi_Shewta Dubey
1247,CLASS 7 Marigold,Deepmali,Monday,4,Lunch,10:45 to 11:05,Lunch,Deepmali,Classroom,Lunch _ Deepmali
1248,CLASS 7 Marigold,Deepmali,Monday,5,4th Period,11:05 to 11:50,Science,Charulata,Classroom,Science_Charulata
1249,CLASS 7 Marigold,Deepmali,Monday,6,5th Period,11:50 to 12:30,Maths,Deepmali,Classroom,Maths_Deepmali
1250,CLASS 7 Marigold,Deepmali,Monday,7,6th Period,12:30 to 1:10,Music,Atul,Classroom,Music_Atul
1251,CLASS 7 Marigold,Deepmali,Monday,8,7th Period,1:10 to 1:50,Eng,Harshita,Classroom,Eng_Harshita
1252,CLASS 7 Marigold,Deepmali,Tuesday,0,Morning Assembly,07:50 to 08:20,Morning Assembly,,Classroom,Morning Assembly
1253,CLASS 7 Marigold,Deepmali,Tuesday,1,1st Period,08:30 to 9:15,SST,Shruti Badkul,Classroom,SST_Shruti Badkul
1254,CLASS 7 Marigold,Deepmali,Tuesday,2,2nd Period,9:15 to 10:00,Yoga,Pradeep,Activity Hall,Yoga_Pradeep
1255,CLASS 7 Marigold,Deepmali,Tuesday,3,3rd Period,10:00 to 10:45,Hindi,Shewta Dubey,Classroom,Hindi_Shewta Dubey
1256,CLASS 7 Marigold,Deepmali,Tuesday,4,Lunch,10:45 to 11:05,Lunch,Deepmali,Classroom,Lunch _ Deepmali
1257,CLASS 7 Marigold,Deepmali,Tuesday,5,4th Period,11:05 to 11:50,Science,Charulata,Classroom,Science_Charulata
1258,CLASS 7 Marigold,Deepmali,Tuesday,6,5th Period,11:50 to 12:30,Maths,Deepmali,Classroom,Maths_Deepmali
1259,CLASS 7 Marigold,Deepmali,Tuesday,7,6th Period,12:30 to 1:10,SKT,Jageshwar Sharma,Classroom,SKT_Jageshwar Sharma
1260,CLASS 7 Marigold,Deepmali,Tuesday,8,7th Period,1:10 to 1:50,Eng,Harshita,Classroom,Eng_Harshita
1261,CLASS 7 Marigold,Deepmali,Wednesday,0,Morning Assembly,07:50 to 08:20,Morning Assembly,,Classroom,Morning Assembly
1262,CLASS 7 Marigold,Deepmali,Wednesday,1,1st Period,08:30 to 9:15,SST,Shruti Badkul,Classroom,SST_Shruti Badkul
1263,CLASS 7 Marigold,Deepmali,Wednesday,2,2nd Period,9:15 to 10:00,Hindi,Shewta Dubey,Classroom,Hindi_Shewta Dubey
1264,CLASS 7 Marigold,Deepmali,Wednesday,3,3rd Period,10:00 to 10:45,Music,Atul,Classroom,Music_Atul
1265,CLASS 7 Marigold,Deepmali,Wednesday,4,Lunch,10:45 to 11:05,Lunch,Deepmali,Classroom,Lunch _ Deepmali
1266,CLASS 7 Marigold,Deepmali,Wednesday,5,4th Period,11:05 to 11:50,Games,Shikha Mishra,Ground,Games_Shikha Mishra
1267,CLASS 7 Marigold,Deepmali,Wednesday,6,5th Period,11:50 to 12:30,Maths,Deepmali,Classroom,Maths_Deepmali
1268,CLASS 7 Marigold,Deepmali,Wednesday,7,6th Period,12:30 to 1:10,Maths,Deepmali,Classroom,Maths_Deepmali
1269,CLASS 7 Marigold,Deepmali,Wednesday,8,7th Period,1:10 to 1:50,Eng,Harshita,Classroom,Eng_Harshita
1270,CLASS 7 Marigold,Deepmali,Thursday,0,Morning Assembly,07:50 to 08:20,Morning Assembly,,Classroom,Morning Assembly
1271,CLASS 7 Marigold,Deepmali,Thursday,1,1st Period,08:30 to 9:15,GK,Anuraj,Classroom,GK_Anuraj
1272,CLASS 7 Marigold,Deepmali,Thursday,2,2nd Period,9:15 to 10:00,Eng,Harshita,Classroom,Eng_Harshita
1273,CLASS 7 Marigold,Deepmali,Thursday,3,3rd Period,10:00 to 10:45,Hindi,Shewta Dubey,Classroom,Hindi_Shewta Dubey
1274,CLASS 7 Marigold,Deepmali,Thursday,4,Lunch,10:45 to 11:05,Lunch,Deepmali,Classroom,Lunch _ Deepmali
1275,CLASS 7 Marigold,Deepmali,Thursday,5,4th Period,11:05 to 11:50,Science,Charulata,Classroom,Science_Charulata
1276,CLASS 7 Marigold,Deepmali,Thursday,6,5th Period,11:50 to 12:30,Maths,Deepmali,Classroom,Maths_Deepmali
1277,CLASS 7 Marigold,Deepmali,Thursday,7,6th Period,12:30 to 1:10,Maths,Deepmali,Classroom,Maths_Deepmali
1278,CLASS 7 Marigold,Deepmali,Thursday,8,7th Period,1:10 to 1:50,IT,Manish Chauhan,Classroom,IT_Manish Chauhan
1279,CLASS 7 Marigold,Deepmali,Friday,0,Morning Assembly,07:50 to 08:20,Morning Assembly,,Classroom,Morning Assembly
1280,CLASS 7 Marigold,Deepmali,Friday,1,1st Period,08:30 to 9:15,Art & Craft,Rajaram,Classroom,Art & Craft_Rajaram
1281,CLASS 7 Marigold,Deepmali,Friday,2,2nd Period,9:15 to 10:00,Hindi,Shewta Dubey,Classroom,Hindi_Shewta Dubey
1282,CLASS 7 Marigold,Deepmali,Friday,3,3rd Period,10:00 to 10:45,SST,Shruti Badkul,Classroom,SST_Shruti Badkul
1283,CLASS 7 Marigold,Deepmali,Friday,4,Lunch,10:45 to 11:05,Lunch,Deepmali,Classroom,Lunch _ Deepmali
1284,CLASS 7 Marigold,Deepmali,Friday,5,4th Period,11:05 to 11:50,Science,Charulata,Classroom,Science_Charulata
1285,CLASS 7 Marigold,Deepmali,Friday,6,5th Period,11:50 to 12:30,SKT,Jageshwar Sharma,Classroom,SKT_Jageshwar Sharma
1286,CLASS 7 Marigold,Deepmali,Friday,7,6th Period,12:30 to 1:10,Eng,Harshita,Classroom,Eng_Harshita
1287,CLASS 7 Marigold,Deepmali,Friday,8,7th Period,1:10 to 1:50,IT,Manish Chauhan,Classroom,IT_Manish Chauhan
1288,CLASS 7 Marigold,Deepmali,Saturday,0,Morning Assembly,07:50 to 08:20,Morning Assembly,,Classroom,Morning Assembly
1289,CLASS 7 Marigold,Deepmali,Saturday,1,1st Period,08:30 to 9:15,Games,Geetesh,Ground,Games_Geetesh
1290,CLASS 7 Marigold,Deepmali,Saturday,2,2nd Period,9:15 to 10:00,SST,Shruti Badkul,Classroom,SST_Shruti Badkul
1291,CLASS 7 Marigold,Deepmali,Saturday,3,3rd Period,10:00 to 10:45,SKT,Jageshwar Sharma,Classroom,SKT_Jageshwar Sharma
1292,CLASS 7 Marigold,Deepmali,Saturday,4,Lunch,10:45 to 11:05,Lunch,Deepmali,Classroom,Lunch _ Deepmali
1293,CLASS 7 Marigold,Deepmali,Saturday,5,4th Period,11:05 to 11:50,Science,Charulata,Classroom,Science_Charulata
1294,CLASS 7 Marigold,Deepmali,Saturday,6,5th Period,11:50 to 12:30,,,Classroom,
1295,CLASS 7 Marigold,Deepmali,Saturday,7,6th Period,12:30 to 1:10,,,Classroom,
1296,CLASS 7 Marigold,Deepmali,Saturday,8,7th Period,1:10 to 1:50,,,Classroom,
1297,CLASS 7 Lily,Anuraj,Monday,0,Morning Assembly,07:50 to 08:20,Morning Assembly,,Classroom,Morning Assembly
1298,CLASS 7 Lily,Anuraj,Monday,1,1st Period,08:30 to 9:15,SST,Anuraj,Classroom,SST_Anuraj
1299,CLASS 7 Lily,Anuraj,Monday,2,2nd Period,9:15 to 10:00,SKT,Jageshwar Sharma,Classroom,SKT_Jageshwar Sharma
1300,CLASS 7 Lily,Anuraj,Monday,3,3rd Period,10:00 to 10:45,Science,Charulata,Classroom,Science_Charulata
1301,CLASS 7 Lily,Anuraj,Monday,4,Lunch,10:45 to 11:05,Lunch,Anuraj,Classroom,Lunch _ Anuraj
1302,CLASS 7 Lily,Anuraj,Monday,5,4th Period,11:05 to 11:50,Maths,Deepmali,Classroom,Maths_Deepmali
1303,CLASS 7 Lily,Anuraj,Monday,6,5th Period,11:50 to 12:30,Music,Atul,Classroom,Music_Atul
1304,CLASS 7 Lily,Anuraj,Monday,7,6th Period,12:30 to 1:10,Eng,Harshita,Classroom,Eng_Harshita
1305,CLASS 7 Lily,Anuraj,Monday,8,7th Period,1:10 to 1:50,Hindi,Shewta Dubey,Classroom,Hindi_Shewta Dubey
1306,CLASS 7 Lily,Anuraj,Tuesday,0,Morning Assembly,07:50 to 08:20,Morning Assembly,,Classroom,Morning Assembly
1307,CLASS 7 Lily,Anuraj,Tuesday,1,1st Period,08:30 to 9:15,SST,Anuraj,Classroom,SST_Anuraj
1308,CLASS 7 Lily,Anuraj,Tuesday,2,2nd Period,9:15 to 10:00,SKT,Jageshwar Sharma,Classroom,SKT_Jageshwar Sharma
1309,CLASS 7 Lily,Anuraj,Tuesday,3,3rd Period,10:00 to 10:45,Science,Charulata,Classroom,Science_Charulata
1310,CLASS 7 Lily,Anuraj,Tuesday,4,Lunch,10:45 to 11:05,Lunch,Anuraj,Classroom,Lunch _ Anuraj
1311,CLASS 7 Lily,Anuraj,Tuesday,5,4th Period,11:05 to 11:50,Maths,Deepmali,Classroom,Maths_Deepmali
1312,CLASS 7 Lily,Anuraj,Tuesday,6,5th Period,11:50 to 12:30,Eng,Harshita,Classroom,Eng_Harshita
1313,CLASS 7 Lily,Anuraj,Tuesday,7,6th Period,12:30 to 1:10,GK,Harshita,Classroom,GK_Harshita
1314,CLASS 7 Lily,Anuraj,Tuesday,8,7th Period,1:10 to 1:50,Hindi,Shewta Dubey,Classroom,Hindi_Shewta Dubey
1315,CLASS 7 Lily,Anuraj,Wednesday,0,Morning Assembly,07:50 to 08:20,Morning Assembly,,Classroom,Morning Assembly
1316,CLASS 7 Lily,Anuraj,Wednesday,1,1st Period,08:30 to 9:15,SST,Anuraj,Classroom,SST_Anuraj
1317,CLASS 7 Lily,Anuraj,Wednesday,2,2nd Period,9:15 to 10:00,SKT,Jageshwar Sharma,Classroom,SKT_Jageshwar Sharma
1318,CLASS 7 Lily,Anuraj,Wednesday,3,3rd Period,10:00 to 10:45,Science,Charulata,Classroom,Science_Charulata
1319,CLASS 7 Lily,Anuraj,Wednesday,4,Lunch,10:45 to 11:05,Lunch,Anuraj,Classroom,Lunch _ Anuraj
1320,CLASS 7 Lily,Anuraj,Wednesday,5,4th Period,11:05 to 11:50,Maths,Deepmali,Classroom,Maths_Deepmali
1321,CLASS 7 Lily,Anuraj,Wednesday,6,5th Period,11:50 to 12:30,Eng,Harshita,Classroom,Eng_Harshita
1322,CLASS 7 Lily,Anuraj,Wednesday,7,6th Period,12:30 to 1:10,GK,Harshita,Classroom,GK_Harshita
1323,CLASS 7 Lily,Anuraj,Wednesday,8,7th Period,1:10 to 1:50,IT,Manish Chauhan,Classroom,IT_Manish Chauhan
1324,CLASS 7 Lily,Anuraj,Thursday,0,Morning Assembly,07:50 to 08:20,Morning Assembly,,Classroom,Morning Assembly
1325,CLASS 7 Lily,Anuraj,Thursday,1,1st Period,08:30 to 9:15,Games,Shikha Mishra,Ground,Games_Shikha Mishra
1326,CLASS 7 Lily,Anuraj,Thursday,2,2nd Period,9:15 to 10:00,IT,Manish Chauhan,Classroom,IT_Manish Chauhan
1327,CLASS 7 Lily,Anuraj,Thursday,3,3rd Period,10:00 to 10:45,Science,Charulata,Classroom,Science_Charulata
1328,CLASS 7 Lily,Anuraj,Thursday,4,Lunch,10:45 to 11:05,Lunch,Anuraj,Classroom,Lunch _ Anuraj
1329,CLASS 7 Lily,Anuraj,Thursday,5,4th Period,11:05 to 11:50,Maths,Deepmali,Classroom,Maths_Deepmali
1330,CLASS 7 Lily,Anuraj,Thursday,6,5th Period,11:50 to 12:30,Eng,Harshita,Classroom,Eng_Harshita
1331,CLASS 7 Lily,Anuraj,Thursday,7,6th Period,12:30 to 1:10,Games,Geetesh,Ground,Games_Geetesh
1332,CLASS 7 Lily,Anuraj,Thursday,8,7th Period,1:10 to 1:50,Hindi,Shewta Dubey,Classroom,Hindi_Shewta Dubey
1333,CLASS 7 Lily,Anuraj,Friday,0,Morning Assembly,07:50 to 08:20,Morning Assembly,,Classroom,Morning Assembly
1334,CLASS 7 Lily,Anuraj,Friday,1,1st Period,08:30 to 9:15,SST,Anuraj,Classroom,SST_Anuraj
1335,CLASS 7 Lily,Anuraj,Friday,2,2nd Period,9:15 to 10:00,Art & Craft,Rajaram,Classroom,Art & Craft_Rajaram
1336,CLASS 7 Lily,Anuraj,Friday,3,3rd Period,10:00 to 10:45,Science,Charulata,Classroom,Science_Charulata
1337,CLASS 7 Lily,Anuraj,Friday,4,Lunch,10:45 to 11:05,Lunch,Anuraj,Classroom,Lunch _ Anuraj
1338,CLASS 7 Lily,Anuraj,Friday,5,4th Period,11:05 to 11:50,Maths,Deepmali,Classroom,Maths_Deepmali
1339,CLASS 7 Lily,Anuraj,Friday,6,5th Period,11:50 to 12:30,Eng,Harshita,Classroom,Eng_Harshita
1340,CLASS 7 Lily,Anuraj,Friday,7,6th Period,12:30 to 1:10,Music,Atul,Classroom,Music_Atul
1341,CLASS 7 Lily,Anuraj,Friday,8,7th Period,1:10 to 1:50,Hindi,Shewta Dubey,Classroom,Hindi_Shewta Dubey
1342,CLASS 7 Lily,Anuraj,Saturday,0,Morning Assembly,07:50 to 08:20,Morning Assembly,,Classroom,Morning Assembly
1343,CLASS 7 Lily,Anuraj,Saturday,1,1st Period,08:30 to 9:15,SST,Anuraj,Classroom,SST_Anuraj
1344,CLASS 7 Lily,Anuraj,Saturday,2,2nd Period,9:15 to 10:00,Yoga,Pradeep,Activity Hall,Yoga_Pradeep
1345,CLASS 7 Lily,Anuraj,Saturday,3,3rd Period,10:00 to 10:45,Hindi,Shewta Dubey,Classroom,Hindi_Shewta Dubey
1346,CLASS 7 Lily,Anuraj,Saturday,4,Lunch,10:45 to 11:05,Lunch,Anuraj,Classroom,Lunch _ Anuraj
1347,CLASS 7 Lily,Anuraj,Saturday,5,4th Period,11:05 to 11:50,Maths,Deepmali,Classroom,Maths_Deepmali
1348,CLASS 7 Lily,Anuraj,Saturday,6,5th Period,11:50 to 12:30,,,Classroom,
1349,CLASS 7 Lily,Anuraj,Saturday,7,6th Period,12:30 to 1:10,,,Classroom,
1350,CLASS 7 Lily,Anuraj,Saturday,8,7th Period,1:10 to 1:50,,,Classroom,
1351,CLASS 7 Sunflower,Jageshwar Sharma,Monday,0,Morning Assembly,07:50 to 08:20,Morning Assembly,,Classroom,Morning Assembly
1352,CLASS 7 Sunflower,Jageshwar Sharma,Monday,1,1st Period,08:30 to 9:15,SKT,Jageshwar Sharma,Classroom,SKT_Jageshwar Sharma
1353,CLASS 7 Sunflower,Jageshwar Sharma,Monday,2,2nd Period,9:15 to 10:00,IT,Manish Chauhan,Classroom,IT_Manish Chauhan
1354,CLASS 7 Sunflower,Jageshwar Sharma,Monday,3,3rd Period,10:00 to 10:45,Maths,Deepmali,Classroom,Maths_Deepmali
1355,CLASS 7 Sunflower,Jageshwar Sharma,Monday,4,Lunch,10:45 to 11:05,Lunch,Jageshwar Sharma,Classroom,Lunch _ Jageshwar Sharma
1356,CLASS 7 Sunflower,Jageshwar Sharma,Monday,5,4th Period,11:05 to 11:50,Eng,Harshita,Classroom,Eng_Harshita
1357,CLASS 7 Sunflower,Jageshwar Sharma,Monday,6,5th Period,11:50 to 12:30,Eng,Harshita,Classroom,Eng_Harshita
1358,CLASS 7 Sunflower,Jageshwar Sharma,Monday,7,6th Period,12:30 to 1:10,SST,Shruti Badkul,Classroom,SST_Shruti Badkul
1359,CLASS 7 Sunflower,Jageshwar Sharma,Monday,8,7th Period,1:10 to 1:50,Games,Shikha Mishra,Ground,Games_Shikha Mishra
1360,CLASS 7 Sunflower,Jageshwar Sharma,Tuesday,0,Morning Assembly,07:50 to 08:20,Morning Assembly,,Classroom,Morning Assembly
1361,CLASS 7 Sunflower,Jageshwar Sharma,Tuesday,1,1st Period,08:30 to 9:15,SKT,Jageshwar Sharma,Classroom,SKT_Jageshwar Sharma
1362,CLASS 7 Sunflower,Jageshwar Sharma,Tuesday,2,2nd Period,9:15 to 10:00,Science,Charulata,Classroom,Science_Charulata
1363,CLASS 7 Sunflower,Jageshwar Sharma,Tuesday,3,3rd Period,10:00 to 10:45,Maths,Deepmali,Classroom,Maths_Deepmali
1364,CLASS 7 Sunflower,Jageshwar Sharma,Tuesday,4,Lunch,10:45 to 11:05,Lunch,Jageshwar Sharma,Classroom,Lunch _ Jageshwar Sharma
1365,CLASS 7 Sunflower,Jageshwar Sharma,Tuesday,5,4th Period,11:05 to 11:50,Eng,Harshita,Classroom,Eng_Harshita
1366,CLASS 7 Sunflower,Jageshwar Sharma,Tuesday,6,5th Period,11:50 to 12:30,Yoga,Pradeep,Activity Hall,Yoga_Pradeep
1367,CLASS 7 Sunflower,Jageshwar Sharma,Tuesday,7,6th Period,12:30 to 1:10,Hindi,Nidhi,Classroom,Hindi_Nidhi
1368,CLASS 7 Sunflower,Jageshwar Sharma,Tuesday,8,7th Period,1:10 to 1:50,Hindi,Nidhi,Classroom,Hindi_Nidhi
1369,CLASS 7 Sunflower,Jageshwar Sharma,Wednesday,0,Morning Assembly,07:50 to 08:20,Morning Assembly,,Classroom,Morning Assembly
1370,CLASS 7 Sunflower,Jageshwar Sharma,Wednesday,1,1st Period,08:30 to 9:15,SKT,Jageshwar Sharma,Classroom,SKT_Jageshwar Sharma
1371,CLASS 7 Sunflower,Jageshwar Sharma,Wednesday,2,2nd Period,9:15 to 10:00,Science,Charulata,Classroom,Science_Charulata
1372,CLASS 7 Sunflower,Jageshwar Sharma,Wednesday,3,3rd Period,10:00 to 10:45,Maths,Deepmali,Classroom,Maths_Deepmali
1373,CLASS 7 Sunflower,Jageshwar Sharma,Wednesday,4,Lunch,10:45 to 11:05,Lunch,Jageshwar Sharma,Classroom,Lunch _ Jageshwar Sharma
1374,CLASS 7 Sunflower,Jageshwar Sharma,Wednesday,5,4th Period,11:05 to 11:50,Eng,Harshita,Classroom,Eng_Harshita
1375,CLASS 7 Sunflower,Jageshwar Sharma,Wednesday,6,5th Period,11:50 to 12:30,Games,Komal,Ground,Games_Komal
1376,CLASS 7 Sunflower,Jageshwar Sharma,Wednesday,7,6th Period,12:30 to 1:10,SST,Shruti Badkul,Classroom,SST_Shruti Badkul
1377,CLASS 7 Sunflower,Jageshwar Sharma,Wednesday,8,7th Period,1:10 to 1:50,Hindi,Nidhi,Classroom,Hindi_Nidhi
1378,CLASS 7 Sunflower,Jageshwar Sharma,Thursday,0,Morning Assembly,07:50 to 08:20,Morning Assembly,,Classroom,Morning Assembly
1379,CLASS 7 Sunflower,Jageshwar Sharma,Thursday,1,1st Period,08:30 to 9:15,Music,Atul,Classroom,Music_Atul
1380,CLASS 7 Sunflower,Jageshwar Sharma,Thursday,2,2nd Period,9:15 to 10:00,Science,Charulata,Classroom,Science_Charulata
1381,CLASS 7 Sunflower,Jageshwar Sharma,Thursday,3,3rd Period,10:00 to 10:45,Maths,Deepmali,Classroom,Maths_Deepmali
1382,CLASS 7 Sunflower,Jageshwar Sharma,Thursday,4,Lunch,10:45 to 11:05,Lunch,Jageshwar Sharma,Classroom,Lunch _ Jageshwar Sharma
1383,CLASS 7 Sunflower,Jageshwar Sharma,Thursday,5,4th Period,11:05 to 11:50,GK,Anuraj,Classroom,GK_Anuraj
1384,CLASS 7 Sunflower,Jageshwar Sharma,Thursday,6,5th Period,11:50 to 12:30,Art & Craft,Rajaram,Classroom,Art & Craft_Rajaram
1385,CLASS 7 Sunflower,Jageshwar Sharma,Thursday,7,6th Period,12:30 to 1:10,SST,Shruti Badkul,Classroom,SST_Shruti Badkul
1386,CLASS 7 Sunflower,Jageshwar Sharma,Thursday,8,7th Period,1:10 to 1:50,Hindi,Nidhi,Classroom,Hindi_Nidhi
1387,CLASS 7 Sunflower,Jageshwar Sharma,Friday,0,Morning Assembly,07:50 to 08:20,Morning Assembly,,Classroom,Morning Assembly
1388,CLASS 7 Sunflower,Jageshwar Sharma,Friday,1,1st Period,08:30 to 9:15,Music,Atul,Classroom,Music_Atul
1389,CLASS 7 Sunflower,Jageshwar Sharma,Friday,2,2nd Period,9:15 to 10:00,Science,Charulata,Classroom,Science_Charulata
1390,CLASS 7 Sunflower,Jageshwar Sharma,Friday,3,3rd Period,10:00 to 10:45,Maths,Deepmali,Classroom,Maths_Deepmali
1391,CLASS 7 Sunflower,Jageshwar Sharma,Friday,4,Lunch,10:45 to 11:05,Lunch,Jageshwar Sharma,Classroom,Lunch _ Jageshwar Sharma
1392,CLASS 7 Sunflower,Jageshwar Sharma,Friday,5,4th Period,11:05 to 11:50,GK,Anuraj,Classroom,GK_Anuraj
1393,CLASS 7 Sunflower,Jageshwar Sharma,Friday,6,5th Period,11:50 to 12:30,SST,Shruti Badkul,Classroom,SST_Shruti Badkul
1394,CLASS 7 Sunflower,Jageshwar Sharma,Friday,7,6th Period,12:30 to 1:10,SST,Shruti Badkul,Classroom,SST_Shruti Badkul
1395,CLASS 7 Sunflower,Jageshwar Sharma,Friday,8,7th Period,1:10 to 1:50,Hindi,Nidhi,Classroom,Hindi_Nidhi
1396,CLASS 7 Sunflower,Jageshwar Sharma,Saturday,0,Morning Assembly,07:50 to 08:20,Morning Assembly,,Classroom,Morning Assembly
1397,CLASS 7 Sunflower,Jageshwar Sharma,Saturday,1,1st Period,08:30 to 9:15,Eng,Harshita,Classroom,Eng_Harshita
1398,CLASS 7 Sunflower,Jageshwar Sharma,Saturday,2,2nd Period,9:15 to 10:00,Science,Charulata,Classroom,Science_Charulata
1399,CLASS 7 Sunflower,Jageshwar Sharma,Saturday,3,3rd Period,10:00 to 10:45,Maths,Deepmali,Classroom,Maths_Deepmali
1400,CLASS 7 Sunflower,Jageshwar Sharma,Saturday,4,Lunch,10:45 to 11:05,Lunch,Jageshwar Sharma,Classroom,Lunch _ Jageshwar Sharma
1401,CLASS 7 Sunflower,Jageshwar Sharma,Saturday,5,4th Period,11:05 to 11:50,IT,Manish Chauhan,Classroom,IT_Manish Chauhan
1402,CLASS 7 Sunflower,Jageshwar Sharma,Saturday,6,5th Period,11:50 to 12:30,,,Classroom,
1403,CLASS 7 Sunflower,Jageshwar Sharma,Saturday,7,6th Period,12:30 to 1:10,,,Classroom,
1404,CLASS 7 Sunflower,Jageshwar Sharma,Saturday,8,7th Period,1:10 to 1:50,,,Classroom,
1405,CLASS 8 Rose,Mraganshi,Monday,0,Morning Assembly,07:50 to 08:20,Morning Assembly,,Classroom,Morning Assembly
1406,CLASS 8 Rose,Mraganshi,Monday,1,1st Period,08:30 to 9:15,Science,Mraganshi,Classroom,Science_Mraganshi
1407,CLASS 8 Rose,Mraganshi,Monday,2,2nd Period,9:15 to 10:00,Art & Craft,Rajaram,Classroom,Art & Craft_Rajaram
1408,CLASS 8 Rose,Mraganshi,Monday,3,3rd Period,10:00 to 10:45,Eng,Somya Rai,Classroom,Eng_Somya Rai
1409,CLASS 8 Rose,Mraganshi,Monday,4,Lunch,10:45 to 11:05,Lunch,Mraganshi,Classroom,Lunch _ Mraganshi
1410,CLASS 8 Rose,Mraganshi,Monday,5,4th Period,11:05 to 11:50,Hindi,Nidhi,Classroom,Hindi_Nidhi
1411,CLASS 8 Rose,Mraganshi,Monday,6,5th Period,11:50 to 12:30,Maths,Somya Nayak,Classroom,Maths_Somya Nayak
1412,CLASS 8 Rose,Mraganshi,Monday,7,6th Period,12:30 to 1:10,Hindi,Nidhi,Classroom,Hindi_Nidhi
1413,CLASS 8 Rose,Mraganshi,Monday,8,7th Period,1:10 to 1:50,SST,Shruti Badkul,Classroom,SST_Shruti Badkul
1414,CLASS 8 Rose,Mraganshi,Tuesday,0,Morning Assembly,07:50 to 08:20,Morning Assembly,,Classroom,Morning Assembly
1415,CLASS 8 Rose,Mraganshi,Tuesday,1,1st Period,08:30 to 9:15,Science,Mraganshi,Classroom,Science_Mraganshi
1416,CLASS 8 Rose,Mraganshi,Tuesday,2,2nd Period,9:15 to 10:00,SST,Shruti Badkul,Classroom,SST_Shruti Badkul
1417,CLASS 8 Rose,Mraganshi,Tuesday,3,3rd Period,10:00 to 10:45,Eng,Somya Rai,Classroom,Eng_Somya Rai
1418,CLASS 8 Rose,Mraganshi,Tuesday,4,Lunch,10:45 to 11:05,Lunch,Mraganshi,Classroom,Lunch _ Mraganshi
1419,CLASS 8 Rose,Mraganshi,Tuesday,5,4th Period,11:05 to 11:50,Hindi,Nidhi,Classroom,Hindi_Nidhi
1420,CLASS 8 Rose,Mraganshi,Tuesday,6,5th Period,11:50 to 12:30,Maths,Somya Nayak,Classroom,Maths_Somya Nayak
1421,CLASS 8 Rose,Mraganshi,Tuesday,7,6th Period,12:30 to 1:10,Maths,Somya Nayak,Classroom,Maths_Somya Nayak
1422,CLASS 8 Rose,Mraganshi,Tuesday,8,7th Period,1:10 to 1:50,IT,Manish Chauhan,Classroom,IT_Manish Chauhan
1423,CLASS 8 Rose,Mraganshi,Wednesday,0,Morning Assembly,07:50 to 08:20,Morning Assembly,,Classroom,Morning Assembly
1424,CLASS 8 Rose,Mraganshi,Wednesday,1,1st Period,08:30 to 9:15,Science,Mraganshi,Classroom,Science_Mraganshi
1425,CLASS 8 Rose,Mraganshi,Wednesday,2,2nd Period,9:15 to 10:00,IT,Manish Chauhan,Classroom,IT_Manish Chauhan
1426,CLASS 8 Rose,Mraganshi,Wednesday,3,3rd Period,10:00 to 10:45,Eng,Somya Rai,Classroom,Eng_Somya Rai
1427,CLASS 8 Rose,Mraganshi,Wednesday,4,Lunch,10:45 to 11:05,Lunch,Mraganshi,Classroom,Lunch _ Mraganshi
1428,CLASS 8 Rose,Mraganshi,Wednesday,5,4th Period,11:05 to 11:50,SST,Shruti Badkul,Classroom,SST_Shruti Badkul
1429,CLASS 8 Rose,Mraganshi,Wednesday,6,5th Period,11:50 to 12:30,Maths,Somya Nayak,Classroom,Maths_Somya Nayak
1430,CLASS 8 Rose,Mraganshi,Wednesday,7,6th Period,12:30 to 1:10,SKT,Jageshwar Sharma,Classroom,SKT_Jageshwar Sharma
1431,CLASS 8 Rose,Mraganshi,Wednesday,8,7th Period,1:10 to 1:50,GK,Mraganshi,Classroom,GK_Mraganshi
1432,CLASS 8 Rose,Mraganshi,Thursday,0,Morning Assembly,07:50 to 08:20,Morning Assembly,,Classroom,Morning Assembly
1433,CLASS 8 Rose,Mraganshi,Thursday,1,1st Period,08:30 to 9:15,Science,Mraganshi,Classroom,Science_Mraganshi
1434,CLASS 8 Rose,Mraganshi,Thursday,2,2nd Period,9:15 to 10:00,Music,Atul,Classroom,Music_Atul
1435,CLASS 8 Rose,Mraganshi,Thursday,3,3rd Period,10:00 to 10:45,SKT,Jageshwar Sharma,Classroom,SKT_Jageshwar Sharma
1436,CLASS 8 Rose,Mraganshi,Thursday,4,Lunch,10:45 to 11:05,Lunch,Mraganshi,Classroom,Lunch _ Mraganshi
1437,CLASS 8 Rose,Mraganshi,Thursday,5,4th Period,11:05 to 11:50,SST,Shruti Badkul,Classroom,SST_Shruti Badkul
1438,CLASS 8 Rose,Mraganshi,Thursday,6,5th Period,11:50 to 12:30,Maths,Somya Nayak,Classroom,Maths_Somya Nayak
1439,CLASS 8 Rose,Mraganshi,Thursday,7,6th Period,12:30 to 1:10,Hindi,Nidhi,Classroom,Hindi_Nidhi
1440,CLASS 8 Rose,Mraganshi,Thursday,8,7th Period,1:10 to 1:50,Eng,Somya Rai,Classroom,Eng_Somya Rai
1441,CLASS 8 Rose,Mraganshi,Friday,0,Morning Assembly,07:50 to 08:20,Morning Assembly,,Classroom,Morning Assembly
1442,CLASS 8 Rose,Mraganshi,Friday,1,1st Period,08:30 to 9:15,Science,Mraganshi,Classroom,Science_Mraganshi
1443,CLASS 8 Rose,Mraganshi,Friday,2,2nd Period,9:15 to 10:00,Games,Shikha Mishra,Ground,Games_Shikha Mishra
1444,CLASS 8 Rose,Mraganshi,Friday,3,3rd Period,10:00 to 10:45,SKT,Jageshwar Sharma,Classroom,SKT_Jageshwar Sharma
1445,CLASS 8 Rose,Mraganshi,Friday,4,Lunch,10:45 to 11:05,Lunch,Mraganshi,Classroom,Lunch _ Mraganshi
1446,CLASS 8 Rose,Mraganshi,Friday,5,4th Period,11:05 to 11:50,Music,Atul,Classroom,Music_Atul
1447,CLASS 8 Rose,Mraganshi,Friday,6,5th Period,11:50 to 12:30,Maths,Somya Nayak,Classroom,Maths_Somya Nayak
1448,CLASS 8 Rose,Mraganshi,Friday,7,6th Period,12:30 to 1:10,Yoga,Pradeep,Activity Hall,Yoga_Pradeep
1449,CLASS 8 Rose,Mraganshi,Friday,8,7th Period,1:10 to 1:50,Eng,Somya Rai,Classroom,Eng_Somya Rai
1450,CLASS 8 Rose,Mraganshi,Saturday,0,Morning Assembly,07:50 to 08:20,Morning Assembly,,Classroom,Morning Assembly
1451,CLASS 8 Rose,Mraganshi,Saturday,1,1st Period,08:30 to 9:15,GK,Mraganshi,Classroom,GK_Mraganshi
1452,CLASS 8 Rose,Mraganshi,Saturday,2,2nd Period,9:15 to 10:00,Hindi,Nidhi,Classroom,Hindi_Nidhi
1453,CLASS 8 Rose,Mraganshi,Saturday,3,3rd Period,10:00 to 10:45,SST,Shruti Badkul,Classroom,SST_Shruti Badkul
1454,CLASS 8 Rose,Mraganshi,Saturday,4,Lunch,10:45 to 11:05,Lunch,Mraganshi,Classroom,Lunch _ Mraganshi
1455,CLASS 8 Rose,Mraganshi,Saturday,5,4th Period,11:05 to 11:50,Games,Komal,Ground,Games_Komal
1456,CLASS 8 Rose,Mraganshi,Saturday,6,5th Period,11:50 to 12:30,,,Classroom,
1457,CLASS 8 Rose,Mraganshi,Saturday,7,6th Period,12:30 to 1:10,,,Classroom,
1458,CLASS 8 Rose,Mraganshi,Saturday,8,7th Period,1:10 to 1:50,,,Classroom,
1459,CLASS 8 Marigold,Manish Chauhan,Monday,0,Morning Assembly,07:50 to 08:20,Morning Assembly,,Classroom,Morning Assembly
1460,CLASS 8 Marigold,Manish Chauhan,Monday,1,1st Period,08:30 to 9:15,IT,Manish Chauhan,Classroom,IT_Manish Chauhan
1461,CLASS 8 Marigold,Manish Chauhan,Monday,2,2nd Period,9:15 to 10:00,Maths,Somya Nayak,Classroom,Maths_Somya Nayak
1462,CLASS 8 Marigold,Manish Chauhan,Monday,3,3rd Period,10:00 to 10:45,Hindi,Nidhi,Classroom,Hindi_Nidhi
1463,CLASS 8 Marigold,Manish Chauhan,Monday,4,Lunch,10:45 to 11:05,Lunch,Manish Chauhan,Classroom,Lunch _ Manish Chauhan
1464,CLASS 8 Marigold,Manish Chauhan,Monday,5,4th Period,11:05 to 11:50,SST,Anuraj,Classroom,SST_Anuraj
1465,CLASS 8 Marigold,Manish Chauhan,Monday,6,5th Period,11:50 to 12:30,Science,Mraganshi,Classroom,Science_Mraganshi
1466,CLASS 8 Marigold,Manish Chauhan,Monday,7,6th Period,12:30 to 1:10,Maths,Somya Nayak,Classroom,Maths_Somya Nayak
1467,CLASS 8 Marigold,Manish Chauhan,Monday,8,7th Period,1:10 to 1:50,Eng,Somya Rai,Classroom,Eng_Somya Rai
1468,CLASS 8 Marigold,Manish Chauhan,Tuesday,0,Morning Assembly,07:50 to 08:20,Morning Assembly,,Classroom,Morning Assembly
1469,CLASS 8 Marigold,Manish Chauhan,Tuesday,1,1st Period,08:30 to 9:15,Games,Shikha Mishra,Ground,Games_Shikha Mishra
1470,CLASS 8 Marigold,Manish Chauhan,Tuesday,2,2nd Period,9:15 to 10:00,Maths,Somya Nayak,Classroom,Maths_Somya Nayak
1471,CLASS 8 Marigold,Manish Chauhan,Tuesday,3,3rd Period,10:00 to 10:45,GK,Harshita,Classroom,GK_Harshita
1472,CLASS 8 Marigold,Manish Chauhan,Tuesday,4,Lunch,10:45 to 11:05,Lunch,Manish Chauhan,Classroom,Lunch _ Manish Chauhan
1473,CLASS 8 Marigold,Manish Chauhan,Tuesday,5,4th Period,11:05 to 11:50,SST,Anuraj,Classroom,SST_Anuraj
1474,CLASS 8 Marigold,Manish Chauhan,Tuesday,6,5th Period,11:50 to 12:30,Science,Mraganshi,Classroom,Science_Mraganshi
1475,CLASS 8 Marigold,Manish Chauhan,Tuesday,7,6th Period,12:30 to 1:10,Music,Atul,Classroom,Music_Atul
1476,CLASS 8 Marigold,Manish Chauhan,Tuesday,8,7th Period,1:10 to 1:50,Eng,Somya Rai,Classroom,Eng_Somya Rai
1477,CLASS 8 Marigold,Manish Chauhan,Wednesday,0,Morning Assembly,07:50 to 08:20,Morning Assembly,,Classroom,Morning Assembly
1478,CLASS 8 Marigold,Manish Chauhan,Wednesday,1,1st Period,08:30 to 9:15,Art & Craft,Rajaram,Classroom,Art & Craft_Rajaram
1479,CLASS 8 Marigold,Manish Chauhan,Wednesday,2,2nd Period,9:15 to 10:00,Maths,Somya Nayak,Classroom,Maths_Somya Nayak
1480,CLASS 8 Marigold,Manish Chauhan,Wednesday,3,3rd Period,10:00 to 10:45,Hindi,Nidhi,Classroom,Hindi_Nidhi
1481,CLASS 8 Marigold,Manish Chauhan,Wednesday,4,Lunch,10:45 to 11:05,Lunch,Manish Chauhan,Classroom,Lunch _ Manish Chauhan
1482,CLASS 8 Marigold,Manish Chauhan,Wednesday,5,4th Period,11:05 to 11:50,SST,Anuraj,Classroom,SST_Anuraj
1483,CLASS 8 Marigold,Manish Chauhan,Wednesday,6,5th Period,11:50 to 12:30,Science,Mraganshi,Classroom,Science_Mraganshi
1484,CLASS 8 Marigold,Manish Chauhan,Wednesday,7,6th Period,12:30 to 1:10,Music,Atul,Classroom,Music_Atul
1485,CLASS 8 Marigold,Manish Chauhan,Wednesday,8,7th Period,1:10 to 1:50,Eng,Somya Rai,Classroom,Eng_Somya Rai
1486,CLASS 8 Marigold,Manish Chauhan,Thursday,0,Morning Assembly,07:50 to 08:20,Morning Assembly,,Classroom,Morning Assembly
1487,CLASS 8 Marigold,Manish Chauhan,Thursday,1,1st Period,08:30 to 9:15,Games,Komal,Ground,Games_Komal
1488,CLASS 8 Marigold,Manish Chauhan,Thursday,2,2nd Period,9:15 to 10:00,SKT,Jageshwar Sharma,Classroom,SKT_Jageshwar Sharma
1489,CLASS 8 Marigold,Manish Chauhan,Thursday,3,3rd Period,10:00 to 10:45,Hindi,Nidhi,Classroom,Hindi_Nidhi
1490,CLASS 8 Marigold,Manish Chauhan,Thursday,4,Lunch,10:45 to 11:05,Lunch,Manish Chauhan,Classroom,Lunch _ Manish Chauhan
1491,CLASS 8 Marigold,Manish Chauhan,Thursday,5,4th Period,11:05 to 11:50,GK,Harshita,Classroom,GK_Harshita
1492,CLASS 8 Marigold,Manish Chauhan,Thursday,6,5th Period,11:50 to 12:30,Science,Mraganshi,Classroom,Science_Mraganshi
1493,CLASS 8 Marigold,Manish Chauhan,Thursday,7,6th Period,12:30 to 1:10,Maths,Somya Nayak,Classroom,Maths_Somya Nayak
1494,CLASS 8 Marigold,Manish Chauhan,Thursday,8,7th Period,1:10 to 1:50,SST,Anuraj,Classroom,SST_Anuraj
1495,CLASS 8 Marigold,Manish Chauhan,Friday,0,Morning Assembly,07:50 to 08:20,Morning Assembly,,Classroom,Morning Assembly
1496,CLASS 8 Marigold,Manish Chauhan,Friday,1,1st Period,08:30 to 9:15,IT,Manish Chauhan,Classroom,IT_Manish Chauhan
1497,CLASS 8 Marigold,Manish Chauhan,Friday,2,2nd Period,9:15 to 10:00,SKT,Jageshwar Sharma,Classroom,SKT_Jageshwar Sharma
1498,CLASS 8 Marigold,Manish Chauhan,Friday,3,3rd Period,10:00 to 10:45,Hindi,Nidhi,Classroom,Hindi_Nidhi
1499,CLASS 8 Marigold,Manish Chauhan,Friday,4,Lunch,10:45 to 11:05,Lunch,Manish Chauhan,Classroom,Lunch _ Manish Chauhan
1500,CLASS 8 Marigold,Manish Chauhan,Friday,5,4th Period,11:05 to 11:50,Eng,Somya Rai,Classroom,Eng_Somya Rai
1501,CLASS 8 Marigold,Manish Chauhan,Friday,6,5th Period,11:50 to 12:30,Science,Mraganshi,Classroom,Science_Mraganshi
1502,CLASS 8 Marigold,Manish Chauhan,Friday,7,6th Period,12:30 to 1:10,Maths,Somya Nayak,Classroom,Maths_Somya Nayak
1503,CLASS 8 Marigold,Manish Chauhan,Friday,8,7th Period,1:10 to 1:50,SST,Anuraj,Classroom,SST_Anuraj
1504,CLASS 8 Marigold,Manish Chauhan,Saturday,0,Morning Assembly,07:50 to 08:20,Morning Assembly,,Classroom,Morning Assembly
1505,CLASS 8 Marigold,Manish Chauhan,Saturday,1,1st Period,08:30 to 9:15,Yoga,Pradeep,Activity Hall,Yoga_Pradeep
1506,CLASS 8 Marigold,Manish Chauhan,Saturday,2,2nd Period,9:15 to 10:00,SKT,Jageshwar Sharma,Classroom,SKT_Jageshwar Sharma
1507,CLASS 8 Marigold,Manish Chauhan,Saturday,3,3rd Period,10:00 to 10:45,Hindi,Nidhi,Classroom,Hindi_Nidhi
1508,CLASS 8 Marigold,Manish Chauhan,Saturday,4,Lunch,10:45 to 11:05,Lunch,Manish Chauhan,Classroom,Lunch _ Manish Chauhan
1509,CLASS 8 Marigold,Manish Chauhan,Saturday,5,4th Period,11:05 to 11:50,Eng,Somya Rai,Classroom,Eng_Somya Rai
1510,CLASS 8 Marigold,Manish Chauhan,Saturday,6,5th Period,11:50 to 12:30,,,Classroom,
1511,CLASS 8 Marigold,Manish Chauhan,Saturday,7,6th Period,12:30 to 1:10,,,Classroom,
1512,CLASS 8 Marigold,Manish Chauhan,Saturday,8,7th Period,1:10 to 1:50,,,Classroom,
1513,CLASS 8 Lily,Somya Nayak,Monday,0,Morning Assembly,07:50 to 08:20,Morning Assembly,,Classroom,Morning Assembly
1514,CLASS 8 Lily,Somya Nayak,Monday,1,1st Period,08:30 to 9:15,Music,Atul,Classroom,Music_Atul
1515,CLASS 8 Lily,Somya Nayak,Monday,2,2nd Period,9:15 to 10:00,Hindi,Nidhi,Classroom,Hindi_Nidhi
1516,CLASS 8 Lily,Somya Nayak,Monday,3,3rd Period,10:00 to 10:45,Eng,Mraganshi,Classroom,Eng_Mraganshi
1517,CLASS 8 Lily,Somya Nayak,Monday,4,Lunch,10:45 to 11:05,Lunch,Somya Nayak,Classroom,Lunch _ Somya Nayak
1518,CLASS 8 Lily,Somya Nayak,Monday,5,4th Period,11:05 to 11:50,Maths,Somya Nayak,Classroom,Maths_Somya Nayak
1519,CLASS 8 Lily,Somya Nayak,Monday,6,5th Period,11:50 to 12:30,Games,Komal,Ground,Games_Komal
1520,CLASS 8 Lily,Somya Nayak,Monday,7,6th Period,12:30 to 1:10,SST,Anuraj,Classroom,SST_Anuraj
1521,CLASS 8 Lily,Somya Nayak,Monday,8,7th Period,1:10 to 1:50,Science,Mraganshi,Classroom,Science_Mraganshi
1522,CLASS 8 Lily,Somya Nayak,Tuesday,0,Morning Assembly,07:50 to 08:20,Morning Assembly,,Classroom,Morning Assembly
1523,CLASS 8 Lily,Somya Nayak,Tuesday,1,1st Period,08:30 to 9:15,Hindi,Nidhi,Classroom,Hindi_Nidhi
1524,CLASS 8 Lily,Somya Nayak,Tuesday,2,2nd Period,9:15 to 10:00,Hindi,Nidhi,Classroom,Hindi_Nidhi
1525,CLASS 8 Lily,Somya Nayak,Tuesday,3,3rd Period,10:00 to 10:45,Eng,Mraganshi,Classroom,Eng_Mraganshi
1526,CLASS 8 Lily,Somya Nayak,Tuesday,4,Lunch,10:45 to 11:05,Lunch,Somya Nayak,Classroom,Lunch _ Somya Nayak
1527,CLASS 8 Lily,Somya Nayak,Tuesday,5,4th Period,11:05 to 11:50,Maths,Somya Nayak,Classroom,Maths_Somya Nayak
1528,CLASS 8 Lily,Somya Nayak,Tuesday,6,5th Period,11:50 to 12:30,SST,Anuraj,Classroom,SST_Anuraj
1529,CLASS 8 Lily,Somya Nayak,Tuesday,7,6th Period,12:30 to 1:10,Science,Mraganshi,Classroom,Science_Mraganshi
1530,CLASS 8 Lily,Somya Nayak,Tuesday,8,7th Period,1:10 to 1:50,Games,Shikha Mishra,Ground,Games_Shikha Mishra
1531,CLASS 8 Lily,Somya Nayak,Wednesday,0,Morning Assembly,07:50 to 08:20,Morning Assembly,,Classroom,Morning Assembly
1532,CLASS 8 Lily,Somya Nayak,Wednesday,1,1st Period,08:30 to 9:15,GK,Deepmali,Classroom,GK_Deepmali
1533,CLASS 8 Lily,Somya Nayak,Wednesday,2,2nd Period,9:15 to 10:00,Hindi,Nidhi,Classroom,Hindi_Nidhi
1534,CLASS 8 Lily,Somya Nayak,Wednesday,3,3rd Period,10:00 to 10:45,Art & Craft,Rajaram,Classroom,Art & Craft_Rajaram
1535,CLASS 8 Lily,Somya Nayak,Wednesday,4,Lunch,10:45 to 11:05,Lunch,Somya Nayak,Classroom,Lunch _ Somya Nayak
1536,CLASS 8 Lily,Somya Nayak,Wednesday,5,4th Period,11:05 to 11:50,Maths,Somya Nayak,Classroom,Maths_Somya Nayak
1537,CLASS 8 Lily,Somya Nayak,Wednesday,6,5th Period,11:50 to 12:30,SST,Anuraj,Classroom,SST_Anuraj
1538,CLASS 8 Lily,Somya Nayak,Wednesday,7,6th Period,12:30 to 1:10,Science,Mraganshi,Classroom,Science_Mraganshi
1539,CLASS 8 Lily,Somya Nayak,Wednesday,8,7th Period,1:10 to 1:50,Music,Atul,Classroom,Music_Atul
1540,CLASS 8 Lily,Somya Nayak,Thursday,0,Morning Assembly,07:50 to 08:20,Morning Assembly,,Classroom,Morning Assembly
1541,CLASS 8 Lily,Somya Nayak,Thursday,1,1st Period,08:30 to 9:15,SKT,Jageshwar Sharma,Classroom,SKT_Jageshwar Sharma
1542,CLASS 8 Lily,Somya Nayak,Thursday,2,2nd Period,9:15 to 10:00,Hindi,Nidhi,Classroom,Hindi_Nidhi
1543,CLASS 8 Lily,Somya Nayak,Thursday,3,3rd Period,10:00 to 10:45,Eng,Mraganshi,Classroom,Eng_Mraganshi
1544,CLASS 8 Lily,Somya Nayak,Thursday,4,Lunch,10:45 to 11:05,Lunch,Somya Nayak,Classroom,Lunch _ Somya Nayak
1545,CLASS 8 Lily,Somya Nayak,Thursday,5,4th Period,11:05 to 11:50,Maths,Somya Nayak,Classroom,Maths_Somya Nayak
1546,CLASS 8 Lily,Somya Nayak,Thursday,6,5th Period,11:50 to 12:30,SST,Anuraj,Classroom,SST_Anuraj
1547,CLASS 8 Lily,Somya Nayak,Thursday,7,6th Period,12:30 to 1:10,Science,Mraganshi,Classroom,Science_Mraganshi
1548,CLASS 8 Lily,Somya Nayak,Thursday,8,7th Period,1:10 to 1:50,Yoga,Pradeep,Activity Hall,Yoga_Pradeep
1549,CLASS 8 Lily,Somya Nayak,Friday,0,Morning Assembly,07:50 to 08:20,Morning Assembly,,Classroom,Morning Assembly
1550,CLASS 8 Lily,Somya Nayak,Friday,1,1st Period,08:30 to 9:15,SKT,Jageshwar Sharma,Classroom,SKT_Jageshwar Sharma
1551,CLASS 8 Lily,Somya Nayak,Friday,2,2nd Period,9:15 to 10:00,IT,Manish Chauhan,Classroom,IT_Manish Chauhan
1552,CLASS 8 Lily,Somya Nayak,Friday,3,3rd Period,10:00 to 10:45,Eng,Mraganshi,Classroom,Eng_Mraganshi
1553,CLASS 8 Lily,Somya Nayak,Friday,4,Lunch,10:45 to 11:05,Lunch,Somya Nayak,Classroom,Lunch _ Somya Nayak
1554,CLASS 8 Lily,Somya Nayak,Friday,5,4th Period,11:05 to 11:50,Maths,Somya Nayak,Classroom,Maths_Somya Nayak
1555,CLASS 8 Lily,Somya Nayak,Friday,6,5th Period,11:50 to 12:30,SST,Anuraj,Classroom,SST_Anuraj
1556,CLASS 8 Lily,Somya Nayak,Friday,7,6th Period,12:30 to 1:10,Science,Mraganshi,Classroom,Science_Mraganshi
1557,CLASS 8 Lily,Somya Nayak,Friday,8,7th Period,1:10 to 1:50,GK,Harshita,Classroom,GK_Harshita
1558,CLASS 8 Lily,Somya Nayak,Saturday,0,Morning Assembly,07:50 to 08:20,Morning Assembly,,Classroom,Morning Assembly
1559,CLASS 8 Lily,Somya Nayak,Saturday,1,1st Period,08:30 to 9:15,SKT,Jageshwar Sharma,Classroom,SKT_Jageshwar Sharma
1560,CLASS 8 Lily,Somya Nayak,Saturday,2,2nd Period,9:15 to 10:00,IT,Manish Chauhan,Classroom,IT_Manish Chauhan
1561,CLASS 8 Lily,Somya Nayak,Saturday,3,3rd Period,10:00 to 10:45,Eng,Mraganshi,Classroom,Eng_Mraganshi
1562,CLASS 8 Lily,Somya Nayak,Saturday,4,Lunch,10:45 to 11:05,Lunch,Somya Nayak,Classroom,Lunch _ Somya Nayak
1563,CLASS 8 Lily,Somya Nayak,Saturday,5,4th Period,11:05 to 11:50,Maths,Somya Nayak,Classroom,Maths_Somya Nayak
1564,CLASS 8 Lily,Somya Nayak,Saturday,6,5th Period,11:50 to 12:30,,,Classroom,
1565,CLASS 8 Lily,Somya Nayak,Saturday,7,6th Period,12:30 to 1:10,,,Classroom,
1566,CLASS 8 Lily,Somya Nayak,Saturday,8,7th Period,1:10 to 1:50,,,Classroom,
1567,CLASS 9 Rose,Somya Rai,Monday,0,Morning Assembly,07:50 to 08:20,Morning Assembly,,Classroom,Morning Assembly
1568,CLASS 9 Rose,Somya Rai,Monday,1,1st Period,08:30 to 9:15,Eng,Somya Rai,Classroom,Eng_Somya Rai
1569,CLASS 9 Rose,Somya Rai,Monday,2,2nd Period,9:15 to 10:00,Maths,Jageshwar R,Classroom,Maths_Jageshwar R
1570,CLASS 9 Rose,Somya Rai,Monday,3,3rd Period,10:00 to 10:45,Maths,Jageshwar R,Classroom,Maths_Jageshwar R
1571,CLASS 9 Rose,Somya Rai,Monday,4,Lunch,10:45 to 11:05,Lunch,Somya Rai,Classroom,Lunch _ Somya Rai
1572,CLASS 9 Rose,Somya Rai,Monday,5,4th Period,11:05 to 11:50,Chem,Mraganshi,Classroom,Chem_Mraganshi
1573,CLASS 9 Rose,Somya Rai,Monday,6,5th Period,11:50 to 12:30,Hindi,Rashmi,Classroom,Hindi_Rashmi
1574,CLASS 9 Rose,Somya Rai,Monday,7,6th Period,12:30 to 1:10,SST,Manish Mathur,Classroom,SST_Manish Mathur
1575,CLASS 9 Rose,Somya Rai,Monday,8,7th Period,1:10 to 1:50,,,Classroom,
1576,CLASS 9 Rose,Somya Rai,Tuesday,0,Morning Assembly,07:50 to 08:20,Morning Assembly,,Classroom,Morning Assembly
1577,CLASS 9 Rose,Somya Rai,Tuesday,1,1st Period,08:30 to 9:15,Eng,Somya Rai,Classroom,Eng_Somya Rai
1578,CLASS 9 Rose,Somya Rai,Tuesday,2,2nd Period,9:15 to 10:00,Maths,Jageshwar R,Classroom,Maths_Jageshwar R
1579,CLASS 9 Rose,Somya Rai,Tuesday,3,3rd Period,10:00 to 10:45,Maths,Jageshwar R,Classroom,Maths_Jageshwar R
1580,CLASS 9 Rose,Somya Rai,Tuesday,4,Lunch,10:45 to 11:05,Lunch,Somya Rai,Classroom,Lunch _ Somya Rai
1581,CLASS 9 Rose,Somya Rai,Tuesday,5,4th Period,11:05 to 11:50,Chem,Mraganshi,Classroom,Chem_Mraganshi
1582,CLASS 9 Rose,Somya Rai,Tuesday,6,5th Period,11:50 to 12:30,Hindi,Rashmi,Classroom,Hindi_Rashmi
1583,CLASS 9 Rose,Somya Rai,Tuesday,7,6th Period,12:30 to 1:10,SST,Manish Mathur,Classroom,SST_Manish Mathur
1584,CLASS 9 Rose,Somya Rai,Tuesday,8,7th Period,1:10 to 1:50,,,Classroom,
1585,CLASS 9 Rose,Somya Rai,Wednesday,0,Morning Assembly,07:50 to 08:20,Morning Assembly,,Classroom,Morning Assembly
1586,CLASS 9 Rose,Somya Rai,Wednesday,1,1st Period,08:30 to 9:15,Games,Komal,Ground,Games_Komal
1587,CLASS 9 Rose,Somya Rai,Wednesday,2,2nd Period,9:15 to 10:00,Maths,Jageshwar R,Classroom,Maths_Jageshwar R
1588,CLASS 9 Rose,Somya Rai,Wednesday,3,3rd Period,10:00 to 10:45,Maths,Jageshwar R,Classroom,Maths_Jageshwar R
1589,CLASS 9 Rose,Somya Rai,Wednesday,4,Lunch,10:45 to 11:05,Lunch,Somya Rai,Classroom,Lunch _ Somya Rai
1590,CLASS 9 Rose,Somya Rai,Wednesday,5,4th Period,11:05 to 11:50,Chem,Mraganshi,Classroom,Chem_Mraganshi
1591,CLASS 9 Rose,Somya Rai,Wednesday,6,5th Period,11:50 to 12:30,Hindi,Rashmi,Classroom,Hindi_Rashmi
1592,CLASS 9 Rose,Somya Rai,Wednesday,7,6th Period,12:30 to 1:10,SST,Manish Mathur,Classroom,SST_Manish Mathur
1593,CLASS 9 Rose,Somya Rai,Wednesday,8,7th Period,1:10 to 1:50,,,Classroom,
1594,CLASS 9 Rose,Somya Rai,Thursday,0,Morning Assembly,07:50 to 08:20,Morning Assembly,,Classroom,Morning Assembly
1595,CLASS 9 Rose,Somya Rai,Thursday,1,1st Period,08:30 to 9:15,Eng,Somya Rai,Classroom,Eng_Somya Rai
1596,CLASS 9 Rose,Somya Rai,Thursday,2,2nd Period,9:15 to 10:00,Physics,Anuj Jain,Classroom,Physics_Anuj Jain
1597,CLASS 9 Rose,Somya Rai,Thursday,3,3rd Period,10:00 to 10:45,Maths,Jageshwar R,Classroom,Maths_Jageshwar R
1598,CLASS 9 Rose,Somya Rai,Thursday,4,Lunch,10:45 to 11:05,Lunch,Somya Rai,Classroom,Lunch _ Somya Rai
1599,CLASS 9 Rose,Somya Rai,Thursday,5,4th Period,11:05 to 11:50,SST,Manish Mathur,Classroom,SST_Manish Mathur
1600,CLASS 9 Rose,Somya Rai,Thursday,6,5th Period,11:50 to 12:30,Hindi,Rashmi,Classroom,Hindi_Rashmi
1601,CLASS 9 Rose,Somya Rai,Thursday,7,6th Period,12:30 to 1:10,Bio,Ram Kumar,Classroom,Bio_Ram Kumar
1602,CLASS 9 Rose,Somya Rai,Thursday,8,7th Period,1:10 to 1:50,,,Classroom,
1603,CLASS 9 Rose,Somya Rai,Friday,0,Morning Assembly,07:50 to 08:20,Morning Assembly,,Classroom,Morning Assembly
1604,CLASS 9 Rose,Somya Rai,Friday,1,1st Period,08:30 to 9:15,Games,Geetesh,Ground,Games_Geetesh
1605,CLASS 9 Rose,Somya Rai,Friday,2,2nd Period,9:15 to 10:00,Physics,Anuj Jain,Classroom,Physics_Anuj Jain
1606,CLASS 9 Rose,Somya Rai,Friday,3,3rd Period,10:00 to 10:45,Maths,Jageshwar R,Classroom,Maths_Jageshwar R
1607,CLASS 9 Rose,Somya Rai,Friday,4,Lunch,10:45 to 11:05,Lunch,Somya Rai,Classroom,Lunch _ Somya Rai
1608,CLASS 9 Rose,Somya Rai,Friday,5,4th Period,11:05 to 11:50,SST,Manish Mathur,Classroom,SST_Manish Mathur
1609,CLASS 9 Rose,Somya Rai,Friday,6,5th Period,11:50 to 12:30,Hindi,Rashmi,Classroom,Hindi_Rashmi
1610,CLASS 9 Rose,Somya Rai,Friday,7,6th Period,12:30 to 1:10,Bio,Ram Kumar,Classroom,Bio_Ram Kumar
1611,CLASS 9 Rose,Somya Rai,Friday,8,7th Period,1:10 to 1:50,,,Classroom,
1612,CLASS 9 Rose,Somya Rai,Saturday,0,Morning Assembly,07:50 to 08:20,Morning Assembly,,Classroom,Morning Assembly
1613,CLASS 9 Rose,Somya Rai,Saturday,1,1st Period,08:30 to 9:15,Eng,Somya Rai,Classroom,Eng_Somya Rai
1614,CLASS 9 Rose,Somya Rai,Saturday,2,2nd Period,9:15 to 10:00,Physics,Anuj Jain,Classroom,Physics_Anuj Jain
1615,CLASS 9 Rose,Somya Rai,Saturday,3,3rd Period,10:00 to 10:45,Maths,Jageshwar R,Classroom,Maths_Jageshwar R
1616,CLASS 9 Rose,Somya Rai,Saturday,4,Lunch,10:45 to 11:05,Lunch,Somya Rai,Classroom,Lunch _ Somya Rai
1617,CLASS 9 Rose,Somya Rai,Saturday,5,4th Period,11:05 to 11:50,SST,Manish Mathur,Classroom,SST_Manish Mathur
1618,CLASS 9 Rose,Somya Rai,Saturday,6,5th Period,11:50 to 12:30,Eng,Somya Rai,Classroom,Eng_Somya Rai
1619,CLASS 9 Rose,Somya Rai,Saturday,7,6th Period,12:30 to 1:10,Bio,Ram Kumar,Classroom,Bio_Ram Kumar
1620,CLASS 9 Rose,Somya Rai,Saturday,8,7th Period,1:10 to 1:50,,,Classroom,
1621,CLASS 9 Marigold,Anuj Jain,Monday,0,Morning Assembly,07:50 to 08:20,Morning Assembly,,Classroom,Morning Assembly
1622,CLASS 9 Marigold,Anuj Jain,Monday,1,1st Period,08:30 to 9:15,Physics,Anuj Jain,Classroom,Physics_Anuj Jain
1623,CLASS 9 Marigold,Anuj Jain,Monday,2,2nd Period,9:15 to 10:00,Games,Geetesh,Ground,Games_Geetesh
1624,CLASS 9 Marigold,Anuj Jain,Monday,3,3rd Period,10:00 to 10:45,Hindi,Rashmi,Classroom,Hindi_Rashmi
1625,CLASS 9 Marigold,Anuj Jain,Monday,4,Lunch,10:45 to 11:05,Lunch,Anuj Jain,Classroom,Lunch _ Anuj Jain
1626,CLASS 9 Marigold,Anuj Jain,Monday,5,4th Period,11:05 to 11:50,Bio,Ram Kumar,Classroom,Bio_Ram Kumar
1627,CLASS 9 Marigold,Anuj Jain,Monday,6,5th Period,11:50 to 12:30,SST,Shruti Badkul,Classroom,SST_Shruti Badkul
1628,CLASS 9 Marigold,Anuj Jain,Monday,7,6th Period,12:30 to 1:10,Maths,Jageshwar R,Classroom,Maths_Jageshwar R
1629,CLASS 9 Marigold,Anuj Jain,Monday,8,7th Period,1:10 to 1:50,,,Classroom,
1630,CLASS 9 Marigold,Anuj Jain,Tuesday,0,Morning Assembly,07:50 to 08:20,Morning Assembly,,Classroom,Morning Assembly
1631,CLASS 9 Marigold,Anuj Jain,Tuesday,1,1st Period,08:30 to 9:15,Physics,Anuj Jain,Classroom,Physics_Anuj Jain
1632,CLASS 9 Marigold,Anuj Jain,Tuesday,2,2nd Period,9:15 to 10:00,Eng,Somya Rai,Classroom,Eng_Somya Rai
1633,CLASS 9 Marigold,Anuj Jain,Tuesday,3,3rd Period,10:00 to 10:45,Hindi,Rashmi,Classroom,Hindi_Rashmi
1634,CLASS 9 Marigold,Anuj Jain,Tuesday,4,Lunch,10:45 to 11:05,Lunch,Anuj Jain,Classroom,Lunch _ Anuj Jain
1635,CLASS 9 Marigold,Anuj Jain,Tuesday,5,4th Period,11:05 to 11:50,Bio,Ram Kumar,Classroom,Bio_Ram Kumar
1636,CLASS 9 Marigold,Anuj Jain,Tuesday,6,5th Period,11:50 to 12:30,SST,Shruti Badkul,Classroom,SST_Shruti Badkul
1637,CLASS 9 Marigold,Anuj Jain,Tuesday,7,6th Period,12:30 to 1:10,Maths,Jageshwar R,Classroom,Maths_Jageshwar R
1638,CLASS 9 Marigold,Anuj Jain,Tuesday,8,7th Period,1:10 to 1:50,,,Classroom,
1639,CLASS 9 Marigold,Anuj Jain,Wednesday,0,Morning Assembly,07:50 to 08:20,Morning Assembly,,Classroom,Morning Assembly
1640,CLASS 9 Marigold,Anuj Jain,Wednesday,1,1st Period,08:30 to 9:15,Physics,Anuj Jain,Classroom,Physics_Anuj Jain
1641,CLASS 9 Marigold,Anuj Jain,Wednesday,2,2nd Period,9:15 to 10:00,Eng,Somya Rai,Classroom,Eng_Somya Rai
1642,CLASS 9 Marigold,Anuj Jain,Wednesday,3,3rd Period,10:00 to 10:45,Hindi,Rashmi,Classroom,Hindi_Rashmi
1643,CLASS 9 Marigold,Anuj Jain,Wednesday,4,Lunch,10:45 to 11:05,Lunch,Anuj Jain,Classroom,Lunch _ Anuj Jain
1644,CLASS 9 Marigold,Anuj Jain,Wednesday,5,4th Period,11:05 to 11:50,Bio,Ram Kumar,Classroom,Bio_Ram Kumar
1645,CLASS 9 Marigold,Anuj Jain,Wednesday,6,5th Period,11:50 to 12:30,SST,Shruti Badkul,Classroom,SST_Shruti Badkul
1646,CLASS 9 Marigold,Anuj Jain,Wednesday,7,6th Period,12:30 to 1:10,Maths,Jageshwar R,Classroom,Maths_Jageshwar R
1647,CLASS 9 Marigold,Anuj Jain,Wednesday,8,7th Period,1:10 to 1:50,,,Classroom,
1648,CLASS 9 Marigold,Anuj Jain,Thursday,0,Morning Assembly,07:50 to 08:20,Morning Assembly,,Classroom,Morning Assembly
1649,CLASS 9 Marigold,Anuj Jain,Thursday,1,1st Period,08:30 to 9:15,SST,Shruti Badkul,Classroom,SST_Shruti Badkul
1650,CLASS 9 Marigold,Anuj Jain,Thursday,2,2nd Period,9:15 to 10:00,Eng,Somya Rai,Classroom,Eng_Somya Rai
1651,CLASS 9 Marigold,Anuj Jain,Thursday,3,3rd Period,10:00 to 10:45,Hindi,Rashmi,Classroom,Hindi_Rashmi
1652,CLASS 9 Marigold,Anuj Jain,Thursday,4,Lunch,10:45 to 11:05,Lunch,Anuj Jain,Classroom,Lunch _ Anuj Jain
1653,CLASS 9 Marigold,Anuj Jain,Thursday,5,4th Period,11:05 to 11:50,Chem,Mraganshi,Classroom,Chem_Mraganshi
1654,CLASS 9 Marigold,Anuj Jain,Thursday,6,5th Period,11:50 to 12:30,Maths,Jageshwar R,Classroom,Maths_Jageshwar R
1655,CLASS 9 Marigold,Anuj Jain,Thursday,7,6th Period,12:30 to 1:10,Maths,Jageshwar R,Classroom,Maths_Jageshwar R
1656,CLASS 9 Marigold,Anuj Jain,Thursday,8,7th Period,1:10 to 1:50,,,Classroom,
1657,CLASS 9 Marigold,Anuj Jain,Friday,0,Morning Assembly,07:50 to 08:20,Morning Assembly,,Classroom,Morning Assembly
1658,CLASS 9 Marigold,Anuj Jain,Friday,1,1st Period,08:30 to 9:15,SST,Shruti Badkul,Classroom,SST_Shruti Badkul
1659,CLASS 9 Marigold,Anuj Jain,Friday,2,2nd Period,9:15 to 10:00,Eng,Somya Rai,Classroom,Eng_Somya Rai
1660,CLASS 9 Marigold,Anuj Jain,Friday,3,3rd Period,10:00 to 10:45,Hindi,Rashmi,Classroom,Hindi_Rashmi
1661,CLASS 9 Marigold,Anuj Jain,Friday,4,Lunch,10:45 to 11:05,Lunch,Anuj Jain,Classroom,Lunch _ Anuj Jain
1662,CLASS 9 Marigold,Anuj Jain,Friday,5,4th Period,11:05 to 11:50,Chem,Mraganshi,Classroom,Chem_Mraganshi
1663,CLASS 9 Marigold,Anuj Jain,Friday,6,5th Period,11:50 to 12:30,Maths,Jageshwar R,Classroom,Maths_Jageshwar R
1664,CLASS 9 Marigold,Anuj Jain,Friday,7,6th Period,12:30 to 1:10,Maths,Jageshwar R,Classroom,Maths_Jageshwar R
1665,CLASS 9 Marigold,Anuj Jain,Friday,8,7th Period,1:10 to 1:50,,,Classroom,
1666,CLASS 9 Marigold,Anuj Jain,Saturday,0,Morning Assembly,07:50 to 08:20,Morning Assembly,,Classroom,Morning Assembly
1667,CLASS 9 Marigold,Anuj Jain,Saturday,1,1st Period,08:30 to 9:15,SST,Shruti Badkul,Classroom,SST_Shruti Badkul
1668,CLASS 9 Marigold,Anuj Jain,Saturday,2,2nd Period,9:15 to 10:00,Eng,Somya Rai,Classroom,Eng_Somya Rai
1669,CLASS 9 Marigold,Anuj Jain,Saturday,3,3rd Period,10:00 to 10:45,Games,Komal,Ground,Games_Komal
1670,CLASS 9 Marigold,Anuj Jain,Saturday,4,Lunch,10:45 to 11:05,Lunch,Anuj Jain,Classroom,Lunch _ Anuj Jain
1671,CLASS 9 Marigold,Anuj Jain,Saturday,5,4th Period,11:05 to 11:50,Chem,Mraganshi,Classroom,Chem_Mraganshi
1672,CLASS 9 Marigold,Anuj Jain,Saturday,6,5th Period,11:50 to 12:30,Maths,Jageshwar R,Classroom,Maths_Jageshwar R
1673,CLASS 9 Marigold,Anuj Jain,Saturday,7,6th Period,12:30 to 1:10,Maths,Jageshwar R,Classroom,Maths_Jageshwar R
1674,CLASS 9 Marigold,Anuj Jain,Saturday,8,7th Period,1:10 to 1:50,,,Classroom,
1675,CLASS 9 Lily,Manish Mathur,Monday,0,Morning Assembly,07:50 to 08:20,Morning Assembly,,Classroom,Morning Assembly
1676,CLASS 9 Lily,Manish Mathur,Monday,1,1st Period,08:30 to 9:15,SST,Manish Mathur,Classroom,SST_Manish Mathur
1677,CLASS 9 Lily,Manish Mathur,Monday,2,2nd Period,9:15 to 10:00,Chem,Mraganshi,Classroom,Chem_Mraganshi
1678,CLASS 9 Lily,Manish Mathur,Monday,3,3rd Period,10:00 to 10:45,Maths,Somya Nayak,Classroom,Maths_Somya Nayak
1679,CLASS 9 Lily,Manish Mathur,Monday,4,Lunch,10:45 to 11:05,Lunch,Manish Mathur,Classroom,Lunch _ Manish Mathur
1680,CLASS 9 Lily,Manish Mathur,Monday,5,4th Period,11:05 to 11:50,Eng,Somya Rai,Classroom,Eng_Somya Rai
1681,CLASS 9 Lily,Manish Mathur,Monday,6,5th Period,11:50 to 12:30,Bio,Ram Kumar,Classroom,Bio_Ram Kumar
1682,CLASS 9 Lily,Manish Mathur,Monday,7,6th Period,12:30 to 1:10,Hindi,Rashmi,Classroom,Hindi_Rashmi
1683,CLASS 9 Lily,Manish Mathur,Monday,8,7th Period,1:10 to 1:50,,,Classroom,
1684,CLASS 9 Lily,Manish Mathur,Tuesday,0,Morning Assembly,07:50 to 08:20,Morning Assembly,,Classroom,Morning Assembly
1685,CLASS 9 Lily,Manish Mathur,Tuesday,1,1st Period,08:30 to 9:15,SST,Manish Mathur,Classroom,SST_Manish Mathur
1686,CLASS 9 Lily,Manish Mathur,Tuesday,2,2nd Period,9:15 to 10:00,Chem,Mraganshi,Classroom,Chem_Mraganshi
1687,CLASS 9 Lily,Manish Mathur,Tuesday,3,3rd Period,10:00 to 10:45,Maths,Somya Nayak,Classroom,Maths_Somya Nayak
1688,CLASS 9 Lily,Manish Mathur,Tuesday,4,Lunch,10:45 to 11:05,Lunch,Manish Mathur,Classroom,Lunch _ Manish Mathur
1689,CLASS 9 Lily,Manish Mathur,Tuesday,5,4th Period,11:05 to 11:50,Eng,Somya Rai,Classroom,Eng_Somya Rai
1690,CLASS 9 Lily,Manish Mathur,Tuesday,6,5th Period,11:50 to 12:30,Bio,Ram Kumar,Classroom,Bio_Ram Kumar
1691,CLASS 9 Lily,Manish Mathur,Tuesday,7,6th Period,12:30 to 1:10,Hindi,Rashmi,Classroom,Hindi_Rashmi
1692,CLASS 9 Lily,Manish Mathur,Tuesday,8,7th Period,1:10 to 1:50,,,Classroom,
1693,CLASS 9 Lily,Manish Mathur,Wednesday,0,Morning Assembly,07:50 to 08:20,Morning Assembly,,Classroom,Morning Assembly
1694,CLASS 9 Lily,Manish Mathur,Wednesday,1,1st Period,08:30 to 9:15,SST,Manish Mathur,Classroom,SST_Manish Mathur
1695,CLASS 9 Lily,Manish Mathur,Wednesday,2,2nd Period,9:15 to 10:00,Chem,Mraganshi,Classroom,Chem_Mraganshi
1696,CLASS 9 Lily,Manish Mathur,Wednesday,3,3rd Period,10:00 to 10:45,Maths,Somya Nayak,Classroom,Maths_Somya Nayak
1697,CLASS 9 Lily,Manish Mathur,Wednesday,4,Lunch,10:45 to 11:05,Lunch,Manish Mathur,Classroom,Lunch _ Manish Mathur
1698,CLASS 9 Lily,Manish Mathur,Wednesday,5,4th Period,11:05 to 11:50,Eng,Somya Rai,Classroom,Eng_Somya Rai
1699,CLASS 9 Lily,Manish Mathur,Wednesday,6,5th Period,11:50 to 12:30,Bio,Ram Kumar,Classroom,Bio_Ram Kumar
1700,CLASS 9 Lily,Manish Mathur,Wednesday,7,6th Period,12:30 to 1:10,Maths,Somya Nayak,Classroom,Maths_Somya Nayak
1701,CLASS 9 Lily,Manish Mathur,Wednesday,8,7th Period,1:10 to 1:50,,,Classroom,
1702,CLASS 9 Lily,Manish Mathur,Thursday,0,Morning Assembly,07:50 to 08:20,Morning Assembly,,Classroom,Morning Assembly
1703,CLASS 9 Lily,Manish Mathur,Thursday,1,1st Period,08:30 to 9:15,Physics,Anuj Jain,Classroom,Physics_Anuj Jain
1704,CLASS 9 Lily,Manish Mathur,Thursday,2,2nd Period,9:15 to 10:00,Maths,Somya Nayak,Classroom,Maths_Somya Nayak
1705,CLASS 9 Lily,Manish Mathur,Thursday,3,3rd Period,10:00 to 10:45,Maths,Somya Nayak,Classroom,Maths_Somya Nayak
1706,CLASS 9 Lily,Manish Mathur,Thursday,4,Lunch,10:45 to 11:05,Lunch,Manish Mathur,Classroom,Lunch _ Manish Mathur
1707,CLASS 9 Lily,Manish Mathur,Thursday,5,4th Period,11:05 to 11:50,Eng,Somya Rai,Classroom,Eng_Somya Rai
1708,CLASS 9 Lily,Manish Mathur,Thursday,6,5th Period,11:50 to 12:30,Games,Geetesh,Ground,Games_Geetesh
1709,CLASS 9 Lily,Manish Mathur,Thursday,7,6th Period,12:30 to 1:10,SST,Manish Mathur,Classroom,SST_Manish Mathur
1710,CLASS 9 Lily,Manish Mathur,Thursday,8,7th Period,1:10 to 1:50,,,Classroom,
1711,CLASS 9 Lily,Manish Mathur,Friday,0,Morning Assembly,07:50 to 08:20,Morning Assembly,,Classroom,Morning Assembly
1712,CLASS 9 Lily,Manish Mathur,Friday,1,1st Period,08:30 to 9:15,Physics,Anuj Jain,Classroom,Physics_Anuj Jain
1713,CLASS 9 Lily,Manish Mathur,Friday,2,2nd Period,9:15 to 10:00,Hindi,Rashmi,Classroom,Hindi_Rashmi
1714,CLASS 9 Lily,Manish Mathur,Friday,3,3rd Period,10:00 to 10:45,Maths,Somya Nayak,Classroom,Maths_Somya Nayak
1715,CLASS 9 Lily,Manish Mathur,Friday,4,Lunch,10:45 to 11:05,Lunch,Manish Mathur,Classroom,Lunch _ Manish Mathur
1716,CLASS 9 Lily,Manish Mathur,Friday,5,4th Period,11:05 to 11:50,Hindi,Rashmi,Classroom,Hindi_Rashmi
1717,CLASS 9 Lily,Manish Mathur,Friday,6,5th Period,11:50 to 12:30,Eng,Somya Rai,Classroom,Eng_Somya Rai
1718,CLASS 9 Lily,Manish Mathur,Friday,7,6th Period,12:30 to 1:10,SST,Manish Mathur,Classroom,SST_Manish Mathur
1719,CLASS 9 Lily,Manish Mathur,Friday,8,7th Period,1:10 to 1:50,,,Classroom,
1720,CLASS 9 Lily,Manish Mathur,Saturday,0,Morning Assembly,07:50 to 08:20,Morning Assembly,,Classroom,Morning Assembly
1721,CLASS 9 Lily,Manish Mathur,Saturday,1,1st Period,08:30 to 9:15,Physics,Anuj Jain,Classroom,Physics_Anuj Jain
1722,CLASS 9 Lily,Manish Mathur,Saturday,2,2nd Period,9:15 to 10:00,Games,Geetesh,Ground,Games_Geetesh
1723,CLASS 9 Lily,Manish Mathur,Saturday,3,3rd Period,10:00 to 10:45,Maths,Somya Nayak,Classroom,Maths_Somya Nayak
1724,CLASS 9 Lily,Manish Mathur,Saturday,4,Lunch,10:45 to 11:05,Lunch,Manish Mathur,Classroom,Lunch _ Manish Mathur
1725,CLASS 9 Lily,Manish Mathur,Saturday,5,4th Period,11:05 to 11:50,Hindi,Rashmi,Classroom,Hindi_Rashmi
1726,CLASS 9 Lily,Manish Mathur,Saturday,6,5th Period,11:50 to 12:30,Maths,Somya Nayak,Classroom,Maths_Somya Nayak
1727,CLASS 9 Lily,Manish Mathur,Saturday,7,6th Period,12:30 to 1:10,SST,Manish Mathur,Classroom,SST_Manish Mathur
1728,CLASS 9 Lily,Manish Mathur,Saturday,8,7th Period,1:10 to 1:50,,,Classroom,
1729,CLASS 10 Rose,Rashmi,Monday,0,Morning Assembly,07:50 to 08:20,Morning Assembly,,Classroom,Morning Assembly
1730,CLASS 10 Rose,Rashmi,Monday,1,1st Period,08:30 to 9:15,Hindi,Rashmi,Classroom,Hindi_Rashmi
1731,CLASS 10 Rose,Rashmi,Monday,2,2nd Period,9:15 to 10:00,Physics,Anuj Jain,Classroom,Physics_Anuj Jain
1732,CLASS 10 Rose,Rashmi,Monday,3,3rd Period,10:00 to 10:45,SST,Rahul Vishwakarma,Classroom,SST_Rahul Vishwakarma
1733,CLASS 10 Rose,Rashmi,Monday,4,Lunch,10:45 to 11:05,Lunch,Rashmi,Classroom,Lunch _ Rashmi
1734,CLASS 10 Rose,Rashmi,Monday,5,4th Period,11:05 to 11:50,Maths,Rajpal,Classroom,Maths_Rajpal
1735,CLASS 10 Rose,Rashmi,Monday,6,5th Period,11:50 to 12:30,Eng,Somya Rai,Classroom,Eng_Somya Rai
1736,CLASS 10 Rose,Rashmi,Monday,7,6th Period,12:30 to 1:10,Bio,Ram Kumar,Classroom,Bio_Ram Kumar
1737,CLASS 10 Rose,Rashmi,Monday,8,7th Period,1:10 to 1:50,,,Classroom,
1738,CLASS 10 Rose,Rashmi,Tuesday,0,Morning Assembly,07:50 to 08:20,Morning Assembly,,Classroom,Morning Assembly
1739,CLASS 10 Rose,Rashmi,Tuesday,1,1st Period,08:30 to 9:15,Hindi,Rashmi,Classroom,Hindi_Rashmi
1740,CLASS 10 Rose,Rashmi,Tuesday,2,2nd Period,9:15 to 10:00,Physics,Anuj Jain,Classroom,Physics_Anuj Jain
1741,CLASS 10 Rose,Rashmi,Tuesday,3,3rd Period,10:00 to 10:45,SST,Rahul Vishwakarma,Classroom,SST_Rahul Vishwakarma
1742,CLASS 10 Rose,Rashmi,Tuesday,4,Lunch,10:45 to 11:05,Lunch,Rashmi,Classroom,Lunch _ Rashmi
1743,CLASS 10 Rose,Rashmi,Tuesday,5,4th Period,11:05 to 11:50,Maths,Rajpal,Classroom,Maths_Rajpal
1744,CLASS 10 Rose,Rashmi,Tuesday,6,5th Period,11:50 to 12:30,Eng,Somya Rai,Classroom,Eng_Somya Rai
1745,CLASS 10 Rose,Rashmi,Tuesday,7,6th Period,12:30 to 1:10,Bio,Ram Kumar,Classroom,Bio_Ram Kumar
1746,CLASS 10 Rose,Rashmi,Tuesday,8,7th Period,1:10 to 1:50,,,Classroom,
1747,CLASS 10 Rose,Rashmi,Wednesday,0,Morning Assembly,07:50 to 08:20,Morning Assembly,,Classroom,Morning Assembly
1748,CLASS 10 Rose,Rashmi,Wednesday,1,1st Period,08:30 to 9:15,Hindi,Rashmi,Classroom,Hindi_Rashmi
1749,CLASS 10 Rose,Rashmi,Wednesday,2,2nd Period,9:15 to 10:00,Physics,Anuj Jain,Classroom,Physics_Anuj Jain
1750,CLASS 10 Rose,Rashmi,Wednesday,3,3rd Period,10:00 to 10:45,SST,Rahul Vishwakarma,Classroom,SST_Rahul Vishwakarma
1751,CLASS 10 Rose,Rashmi,Wednesday,4,Lunch,10:45 to 11:05,Lunch,Rashmi,Classroom,Lunch _ Rashmi
1752,CLASS 10 Rose,Rashmi,Wednesday,5,4th Period,11:05 to 11:50,Maths,Rajpal,Classroom,Maths_Rajpal
1753,CLASS 10 Rose,Rashmi,Wednesday,6,5th Period,11:50 to 12:30,Eng,Somya Rai,Classroom,Eng_Somya Rai
1754,CLASS 10 Rose,Rashmi,Wednesday,7,6th Period,12:30 to 1:10,Bio,Ram Kumar,Classroom,Bio_Ram Kumar
1755,CLASS 10 Rose,Rashmi,Wednesday,8,7th Period,1:10 to 1:50,,,Classroom,
1756,CLASS 10 Rose,Rashmi,Thursday,0,Morning Assembly,07:50 to 08:20,Morning Assembly,,Classroom,Morning Assembly
1757,CLASS 10 Rose,Rashmi,Thursday,1,1st Period,08:30 to 9:15,Games,Geetesh,Ground,Games_Geetesh
1758,CLASS 10 Rose,Rashmi,Thursday,2,2nd Period,9:15 to 10:00,Chem,Mraganshi,Classroom,Chem_Mraganshi
1759,CLASS 10 Rose,Rashmi,Thursday,3,3rd Period,10:00 to 10:45,SST,Rahul Vishwakarma,Classroom,SST_Rahul Vishwakarma
1760,CLASS 10 Rose,Rashmi,Thursday,4,Lunch,10:45 to 11:05,Lunch,Rashmi,Classroom,Lunch _ Rashmi
1761,CLASS 10 Rose,Rashmi,Thursday,5,4th Period,11:05 to 11:50,Maths,Rajpal,Classroom,Maths_Rajpal
1762,CLASS 10 Rose,Rashmi,Thursday,6,5th Period,11:50 to 12:30,Maths,Rajpal,Classroom,Maths_Rajpal
1763,CLASS 10 Rose,Rashmi,Thursday,7,6th Period,12:30 to 1:10,Eng,Somya Rai,Classroom,Eng_Somya Rai
1764,CLASS 10 Rose,Rashmi,Thursday,8,7th Period,1:10 to 1:50,,,Classroom,
1765,CLASS 10 Rose,Rashmi,Friday,0,Morning Assembly,07:50 to 08:20,Morning Assembly,,Classroom,Morning Assembly
1766,CLASS 10 Rose,Rashmi,Friday,1,1st Period,08:30 to 9:15,Hindi,Rashmi,Classroom,Hindi_Rashmi
1767,CLASS 10 Rose,Rashmi,Friday,2,2nd Period,9:15 to 10:00,Chem,Mraganshi,Classroom,Chem_Mraganshi
1768,CLASS 10 Rose,Rashmi,Friday,3,3rd Period,10:00 to 10:45,SST,Rahul Vishwakarma,Classroom,SST_Rahul Vishwakarma
1769,CLASS 10 Rose,Rashmi,Friday,4,Lunch,10:45 to 11:05,Lunch,Rashmi,Classroom,Lunch _ Rashmi
1770,CLASS 10 Rose,Rashmi,Friday,5,4th Period,11:05 to 11:50,Maths,Rajpal,Classroom,Maths_Rajpal
1771,CLASS 10 Rose,Rashmi,Friday,6,5th Period,11:50 to 12:30,Maths,Rajpal,Classroom,Maths_Rajpal
1772,CLASS 10 Rose,Rashmi,Friday,7,6th Period,12:30 to 1:10,Eng,Somya Rai,Classroom,Eng_Somya Rai
1773,CLASS 10 Rose,Rashmi,Friday,8,7th Period,1:10 to 1:50,,,Classroom,
1774,CLASS 10 Rose,Rashmi,Saturday,0,Morning Assembly,07:50 to 08:20,Morning Assembly,,Classroom,Morning Assembly
1775,CLASS 10 Rose,Rashmi,Saturday,1,1st Period,08:30 to 9:15,Hindi,Rashmi,Classroom,Hindi_Rashmi
1776,CLASS 10 Rose,Rashmi,Saturday,2,2nd Period,9:15 to 10:00,Chem,Mraganshi,Classroom,Chem_Mraganshi
1777,CLASS 10 Rose,Rashmi,Saturday,3,3rd Period,10:00 to 10:45,SST,Rahul Vishwakarma,Classroom,SST_Rahul Vishwakarma
1778,CLASS 10 Rose,Rashmi,Saturday,4,Lunch,10:45 to 11:05,Lunch,Rashmi,Classroom,Lunch _ Rashmi
1779,CLASS 10 Rose,Rashmi,Saturday,5,4th Period,11:05 to 11:50,Maths,Rajpal,Classroom,Maths_Rajpal
1780,CLASS 10 Rose,Rashmi,Saturday,6,5th Period,11:50 to 12:30,Maths,Rajpal,Classroom,Maths_Rajpal
1781,CLASS 10 Rose,Rashmi,Saturday,7,6th Period,12:30 to 1:10,Eng,Somya Rai,Classroom,Eng_Somya Rai
1782,CLASS 10 Rose,Rashmi,Saturday,8,7th Period,1:10 to 1:50,,,Classroom,
1783,CLASS 10 Marigold,Jageshwar R,Monday,0,Morning Assembly,07:50 to 08:20,Morning Assembly,,Classroom,Morning Assembly
1784,CLASS 10 Marigold,Jageshwar R,Monday,1,1st Period,08:30 to 9:15,Maths,Jageshwar R,Classroom,Maths_Jageshwar R
1785,CLASS 10 Marigold,Jageshwar R,Monday,2,2nd Period,9:15 to 10:00,Eng,Jyotsharan,Classroom,Eng_Jyotsharan
1786,CLASS 10 Marigold,Jageshwar R,Monday,3,3rd Period,10:00 to 10:45,Chem,Divya Upadhyay,Classroom,Chem_Divya Upadhyay
1787,CLASS 10 Marigold,Jageshwar R,Monday,4,Lunch,10:45 to 11:05,Lunch,Jageshwar R,Classroom,Lunch _ Jageshwar R
1788,CLASS 10 Marigold,Jageshwar R,Monday,5,4th Period,11:05 to 11:50,Games,Geetesh,Ground,Games_Geetesh
1789,CLASS 10 Marigold,Jageshwar R,Monday,6,5th Period,11:50 to 12:30,SST,Rahul Vishwakarma,Classroom,SST_Rahul Vishwakarma
1790,CLASS 10 Marigold,Jageshwar R,Monday,7,6th Period,12:30 to 1:10,Physics,Anuj Jain,Classroom,Physics_Anuj Jain
1791,CLASS 10 Marigold,Jageshwar R,Monday,8,7th Period,1:10 to 1:50,,,Classroom,
1792,CLASS 10 Marigold,Jageshwar R,Tuesday,0,Morning Assembly,07:50 to 08:20,Morning Assembly,,Classroom,Morning Assembly
1793,CLASS 10 Marigold,Jageshwar R,Tuesday,1,1st Period,08:30 to 9:15,Maths,Jageshwar R,Classroom,Maths_Jageshwar R
1794,CLASS 10 Marigold,Jageshwar R,Tuesday,2,2nd Period,9:15 to 10:00,Eng,Jyotsharan,Classroom,Eng_Jyotsharan
1795,CLASS 10 Marigold,Jageshwar R,Tuesday,3,3rd Period,10:00 to 10:45,Chem,Divya Upadhyay,Classroom,Chem_Divya Upadhyay
1796,CLASS 10 Marigold,Jageshwar R,Tuesday,4,Lunch,10:45 to 11:05,Lunch,Jageshwar R,Classroom,Lunch _ Jageshwar R
1797,CLASS 10 Marigold,Jageshwar R,Tuesday,5,4th Period,11:05 to 11:50,Hindi,Rashmi,Classroom,Hindi_Rashmi
1798,CLASS 10 Marigold,Jageshwar R,Tuesday,6,5th Period,11:50 to 12:30,SST,Rahul Vishwakarma,Classroom,SST_Rahul Vishwakarma
1799,CLASS 10 Marigold,Jageshwar R,Tuesday,7,6th Period,12:30 to 1:10,Physics,Anuj Jain,Classroom,Physics_Anuj Jain
1800,CLASS 10 Marigold,Jageshwar R,Tuesday,8,7th Period,1:10 to 1:50,,,Classroom,
1801,CLASS 10 Marigold,Jageshwar R,Wednesday,0,Morning Assembly,07:50 to 08:20,Morning Assembly,,Classroom,Morning Assembly
1802,CLASS 10 Marigold,Jageshwar R,Wednesday,1,1st Period,08:30 to 9:15,Maths,Jageshwar R,Classroom,Maths_Jageshwar R
1803,CLASS 10 Marigold,Jageshwar R,Wednesday,2,2nd Period,9:15 to 10:00,Eng,Jyotsharan,Classroom,Eng_Jyotsharan
1804,CLASS 10 Marigold,Jageshwar R,Wednesday,3,3rd Period,10:00 to 10:45,Chem,Divya Upadhyay,Classroom,Chem_Divya Upadhyay
1805,CLASS 10 Marigold,Jageshwar R,Wednesday,4,Lunch,10:45 to 11:05,Lunch,Jageshwar R,Classroom,Lunch _ Jageshwar R
1806,CLASS 10 Marigold,Jageshwar R,Wednesday,5,4th Period,11:05 to 11:50,Hindi,Rashmi,Classroom,Hindi_Rashmi
1807,CLASS 10 Marigold,Jageshwar R,Wednesday,6,5th Period,11:50 to 12:30,SST,Rahul Vishwakarma,Classroom,SST_Rahul Vishwakarma
1808,CLASS 10 Marigold,Jageshwar R,Wednesday,7,6th Period,12:30 to 1:10,Physics,Anuj Jain,Classroom,Physics_Anuj Jain
1809,CLASS 10 Marigold,Jageshwar R,Wednesday,8,7th Period,1:10 to 1:50,,,Classroom,
1810,CLASS 10 Marigold,Jageshwar R,Thursday,0,Morning Assembly,07:50 to 08:20,Morning Assembly,,Classroom,Morning Assembly
1811,CLASS 10 Marigold,Jageshwar R,Thursday,1,1st Period,08:30 to 9:15,Maths,Jageshwar R,Classroom,Maths_Jageshwar R
1812,CLASS 10 Marigold,Jageshwar R,Thursday,2,2nd Period,9:15 to 10:00,Maths,Jageshwar R,Classroom,Maths_Jageshwar R
1813,CLASS 10 Marigold,Jageshwar R,Thursday,3,3rd Period,10:00 to 10:45,Eng,Jyotsharan,Classroom,Eng_Jyotsharan
1814,CLASS 10 Marigold,Jageshwar R,Thursday,4,Lunch,10:45 to 11:05,Lunch,Jageshwar R,Classroom,Lunch _ Jageshwar R
1815,CLASS 10 Marigold,Jageshwar R,Thursday,5,4th Period,11:05 to 11:50,Bio,Ram Kumar,Classroom,Bio_Ram Kumar
1816,CLASS 10 Marigold,Jageshwar R,Thursday,6,5th Period,11:50 to 12:30,SST,Manish Mathur,Classroom,SST_Manish Mathur
1817,CLASS 10 Marigold,Jageshwar R,Thursday,7,6th Period,12:30 to 1:10,Hindi,Rashmi,Classroom,Hindi_Rashmi
1818,CLASS 10 Marigold,Jageshwar R,Thursday,8,7th Period,1:10 to 1:50,,,Classroom,
1819,CLASS 10 Marigold,Jageshwar R,Friday,0,Morning Assembly,07:50 to 08:20,Morning Assembly,,Classroom,Morning Assembly
1820,CLASS 10 Marigold,Jageshwar R,Friday,1,1st Period,08:30 to 9:15,Maths,Jageshwar R,Classroom,Maths_Jageshwar R
1821,CLASS 10 Marigold,Jageshwar R,Friday,2,2nd Period,9:15 to 10:00,Maths,Jageshwar R,Classroom,Maths_Jageshwar R
1822,CLASS 10 Marigold,Jageshwar R,Friday,3,3rd Period,10:00 to 10:45,Eng,Jyotsharan,Classroom,Eng_Jyotsharan
1823,CLASS 10 Marigold,Jageshwar R,Friday,4,Lunch,10:45 to 11:05,Lunch,Jageshwar R,Classroom,Lunch _ Jageshwar R
1824,CLASS 10 Marigold,Jageshwar R,Friday,5,4th Period,11:05 to 11:50,Bio,Ram Kumar,Classroom,Bio_Ram Kumar
1825,CLASS 10 Marigold,Jageshwar R,Friday,6,5th Period,11:50 to 12:30,SST,Manish Mathur,Classroom,SST_Manish Mathur
1826,CLASS 10 Marigold,Jageshwar R,Friday,7,6th Period,12:30 to 1:10,Hindi,Rashmi,Classroom,Hindi_Rashmi
1827,CLASS 10 Marigold,Jageshwar R,Friday,8,7th Period,1:10 to 1:50,,,Classroom,
1828,CLASS 10 Marigold,Jageshwar R,Saturday,0,Morning Assembly,07:50 to 08:20,Morning Assembly,,Classroom,Morning Assembly
1829,CLASS 10 Marigold,Jageshwar R,Saturday,1,1st Period,08:30 to 9:15,Maths,Jageshwar R,Classroom,Maths_Jageshwar R
1830,CLASS 10 Marigold,Jageshwar R,Saturday,2,2nd Period,9:15 to 10:00,Maths,Jageshwar R,Classroom,Maths_Jageshwar R
1831,CLASS 10 Marigold,Jageshwar R,Saturday,3,3rd Period,10:00 to 10:45,Eng,Jyotsharan,Classroom,Eng_Jyotsharan
1832,CLASS 10 Marigold,Jageshwar R,Saturday,4,Lunch,10:45 to 11:05,Lunch,Jageshwar R,Classroom,Lunch _ Jageshwar R
1833,CLASS 10 Marigold,Jageshwar R,Saturday,5,4th Period,11:05 to 11:50,Bio,Ram Kumar,Classroom,Bio_Ram Kumar
1834,CLASS 10 Marigold,Jageshwar R,Saturday,6,5th Period,11:50 to 12:30,SST,Manish Mathur,Classroom,SST_Manish Mathur
1835,CLASS 10 Marigold,Jageshwar R,Saturday,7,6th Period,12:30 to 1:10,Hindi,Rashmi,Classroom,Hindi_Rashmi
1836,CLASS 10 Marigold,Jageshwar R,Saturday,8,7th Period,1:10 to 1:50,,,Classroom,
1837,CLASS 10 Lily,Jyotsharan,Monday,0,Morning Assembly,07:50 to 08:20,Morning Assembly,,Classroom,Morning Assembly
1838,CLASS 10 Lily,Jyotsharan,Monday,1,1st Period,08:30 to 9:15,Eng,Jyotsharan,Classroom,Eng_Jyotsharan
1839,CLASS 10 Lily,Jyotsharan,Monday,2,2nd Period,9:15 to 10:00,Hindi,Rashmi,Classroom,Hindi_Rashmi
1840,CLASS 10 Lily,Jyotsharan,Monday,3,3rd Period,10:00 to 10:45,Physics,Anuj Jain,Classroom,Physics_Anuj Jain
1841,CLASS 10 Lily,Jyotsharan,Monday,4,Lunch,10:45 to 11:05,Lunch,Jyotsharan,Classroom,Lunch _ Jyotsharan
1842,CLASS 10 Lily,Jyotsharan,Monday,5,4th Period,11:05 to 11:50,Maths,Jageshwar R,Classroom,Maths_Jageshwar R
1843,CLASS 10 Lily,Jyotsharan,Monday,6,5th Period,11:50 to 12:30,Maths,Jageshwar R,Classroom,Maths_Jageshwar R
1844,CLASS 10 Lily,Jyotsharan,Monday,7,6th Period,12:30 to 1:10,SST,Rahul Vishwakarma,Classroom,SST_Rahul Vishwakarma
1845,CLASS 10 Lily,Jyotsharan,Monday,8,7th Period,1:10 to 1:50,,,Classroom,
1846,CLASS 10 Lily,Jyotsharan,Tuesday,0,Morning Assembly,07:50 to 08:20,Morning Assembly,,Classroom,Morning Assembly
1847,CLASS 10 Lily,Jyotsharan,Tuesday,1,1st Period,08:30 to 9:15,Eng,Jyotsharan,Classroom,Eng_Jyotsharan
1848,CLASS 10 Lily,Jyotsharan,Tuesday,2,2nd Period,9:15 to 10:00,Hindi,Rashmi,Classroom,Hindi_Rashmi
1849,CLASS 10 Lily,Jyotsharan,Tuesday,3,3rd Period,10:00 to 10:45,Physics,Anuj Jain,Classroom,Physics_Anuj Jain
1850,CLASS 10 Lily,Jyotsharan,Tuesday,4,Lunch,10:45 to 11:05,Lunch,Jyotsharan,Classroom,Lunch _ Jyotsharan
1851,CLASS 10 Lily,Jyotsharan,Tuesday,5,4th Period,11:05 to 11:50,Maths,Jageshwar R,Classroom,Maths_Jageshwar R
1852,CLASS 10 Lily,Jyotsharan,Tuesday,6,5th Period,11:50 to 12:30,Maths,Jageshwar R,Classroom,Maths_Jageshwar R
1853,CLASS 10 Lily,Jyotsharan,Tuesday,7,6th Period,12:30 to 1:10,SST,Rahul Vishwakarma,Classroom,SST_Rahul Vishwakarma
1854,CLASS 10 Lily,Jyotsharan,Tuesday,8,7th Period,1:10 to 1:50,,,Classroom,
1855,CLASS 10 Lily,Jyotsharan,Wednesday,0,Morning Assembly,07:50 to 08:20,Morning Assembly,,Classroom,Morning Assembly
1856,CLASS 10 Lily,Jyotsharan,Wednesday,1,1st Period,08:30 to 9:15,Eng,Jyotsharan,Classroom,Eng_Jyotsharan
1857,CLASS 10 Lily,Jyotsharan,Wednesday,2,2nd Period,9:15 to 10:00,Hindi,Rashmi,Classroom,Hindi_Rashmi
1858,CLASS 10 Lily,Jyotsharan,Wednesday,3,3rd Period,10:00 to 10:45,Physics,Anuj Jain,Classroom,Physics_Anuj Jain
1859,CLASS 10 Lily,Jyotsharan,Wednesday,4,Lunch,10:45 to 11:05,Lunch,Jyotsharan,Classroom,Lunch _ Jyotsharan
1860,CLASS 10 Lily,Jyotsharan,Wednesday,5,4th Period,11:05 to 11:50,Maths,Jageshwar R,Classroom,Maths_Jageshwar R
1861,CLASS 10 Lily,Jyotsharan,Wednesday,6,5th Period,11:50 to 12:30,Maths,Jageshwar R,Classroom,Maths_Jageshwar R
1862,CLASS 10 Lily,Jyotsharan,Wednesday,7,6th Period,12:30 to 1:10,SST,Rahul Vishwakarma,Classroom,SST_Rahul Vishwakarma
1863,CLASS 10 Lily,Jyotsharan,Wednesday,8,7th Period,1:10 to 1:50,,,Classroom,
1864,CLASS 10 Lily,Jyotsharan,Thursday,0,Morning Assembly,07:50 to 08:20,Morning Assembly,,Classroom,Morning Assembly
1865,CLASS 10 Lily,Jyotsharan,Thursday,1,1st Period,08:30 to 9:15,Eng,Jyotsharan,Classroom,Eng_Jyotsharan
1866,CLASS 10 Lily,Jyotsharan,Thursday,2,2nd Period,9:15 to 10:00,Hindi,Rashmi,Classroom,Hindi_Rashmi
1867,CLASS 10 Lily,Jyotsharan,Thursday,3,3rd Period,10:00 to 10:45,Chem,Divya Upadhyay,Classroom,Chem_Divya Upadhyay
1868,CLASS 10 Lily,Jyotsharan,Thursday,4,Lunch,10:45 to 11:05,Lunch,Jyotsharan,Classroom,Lunch _ Jyotsharan
1869,CLASS 10 Lily,Jyotsharan,Thursday,5,4th Period,11:05 to 11:50,Maths,Jageshwar R,Classroom,Maths_Jageshwar R
1870,CLASS 10 Lily,Jyotsharan,Thursday,6,5th Period,11:50 to 12:30,Bio,Ram Kumar,Classroom,Bio_Ram Kumar
1871,CLASS 10 Lily,Jyotsharan,Thursday,7,6th Period,12:30 to 1:10,SST,Rahul Vishwakarma,Classroom,SST_Rahul Vishwakarma
1872,CLASS 10 Lily,Jyotsharan,Thursday,8,7th Period,1:10 to 1:50,,,Classroom,
1873,CLASS 10 Lily,Jyotsharan,Friday,0,Morning Assembly,07:50 to 08:20,Morning Assembly,,Classroom,Morning Assembly
1874,CLASS 10 Lily,Jyotsharan,Friday,1,1st Period,08:30 to 9:15,Eng,Jyotsharan,Classroom,Eng_Jyotsharan
1875,CLASS 10 Lily,Jyotsharan,Friday,2,2nd Period,9:15 to 10:00,Games,Geetesh,Ground,Games_Geetesh
1876,CLASS 10 Lily,Jyotsharan,Friday,3,3rd Period,10:00 to 10:45,Chem,Divya Upadhyay,Classroom,Chem_Divya Upadhyay
1877,CLASS 10 Lily,Jyotsharan,Friday,4,Lunch,10:45 to 11:05,Lunch,Jyotsharan,Classroom,Lunch _ Jyotsharan
1878,CLASS 10 Lily,Jyotsharan,Friday,5,4th Period,11:05 to 11:50,Maths,Jageshwar R,Classroom,Maths_Jageshwar R
1879,CLASS 10 Lily,Jyotsharan,Friday,6,5th Period,11:50 to 12:30,Bio,Ram Kumar,Classroom,Bio_Ram Kumar
1880,CLASS 10 Lily,Jyotsharan,Friday,7,6th Period,12:30 to 1:10,SST,Rahul Vishwakarma,Classroom,SST_Rahul Vishwakarma
1881,CLASS 10 Lily,Jyotsharan,Friday,8,7th Period,1:10 to 1:50,,,Classroom,
1882,CLASS 10 Lily,Jyotsharan,Saturday,0,Morning Assembly,07:50 to 08:20,Morning Assembly,,Classroom,Morning Assembly
1883,CLASS 10 Lily,Jyotsharan,Saturday,1,1st Period,08:30 to 9:15,Eng,Jyotsharan,Classroom,Eng_Jyotsharan
1884,CLASS 10 Lily,Jyotsharan,Saturday,2,2nd Period,9:15 to 10:00,Hindi,Rashmi,Classroom,Hindi_Rashmi
1885,CLASS 10 Lily,Jyotsharan,Saturday,3,3rd Period,10:00 to 10:45,Chem,Divya Upadhyay,Classroom,Chem_Divya Upadhyay
1886,CLASS 10 Lily,Jyotsharan,Saturday,4,Lunch,10:45 to 11:05,Lunch,Jyotsharan,Classroom,Lunch _ Jyotsharan
1887,CLASS 10 Lily,Jyotsharan,Saturday,5,4th Period,11:05 to 11:50,Maths,Jageshwar R,Classroom,Maths_Jageshwar R
1888,CLASS 10 Lily,Jyotsharan,Saturday,6,5th Period,11:50 to 12:30,Bio,Ram Kumar,Classroom,Bio_Ram Kumar
1889,CLASS 10 Lily,Jyotsharan,Saturday,7,6th Period,12:30 to 1:10,SST,Rahul Vishwakarma,Classroom,SST_Rahul Vishwakarma
1890,CLASS 10 Lily,Jyotsharan,Saturday,8,7th Period,1:10 to 1:50,,,Classroom,
1891,CLASS 11 (Bio + Math),Divya Upadhyay,Monday,0,Morning Assembly,07:50 to 08:20,Morning Assembly,,Classroom,Morning Assembly
1892,CLASS 11 (Bio + Math),Divya Upadhyay,Monday,1,1st Period,08:30 to 9:15,Chem,Divya Upadhyay,Classroom,Chem_Divya Upadhyay
1893,CLASS 11 (Bio + Math),Divya Upadhyay,Monday,2,2nd Period,9:15 to 10:00,Chem,Divya Upadhyay,Classroom,Chem_Divya Upadhyay
1894,CLASS 11 (Bio + Math),Divya Upadhyay,Monday,3,3rd Period,10:00 to 10:45,Bio / Maths,Ram Kumar / Rajpal,Classroom,Bio_Ram /Math_Rajpal
1895,CLASS 11 (Bio + Math),Divya Upadhyay,Monday,4,Lunch,10:45 to 11:05,Lunch,Divya Upadhyay,Classroom,Lunch _ Divya Upadhyay
1896,CLASS 11 (Bio + Math),Divya Upadhyay,Monday,5,4th Period,11:05 to 11:50,PE,Shailandra,Ground,PE_Shailandra
1897,CLASS 11 (Bio + Math),Divya Upadhyay,Monday,6,5th Period,11:50 to 12:30,Physics,Anuj Jain,Classroom,Physics_Anuj Jain
1898,CLASS 11 (Bio + Math),Divya Upadhyay,Monday,7,6th Period,12:30 to 1:10,Eng,Jyotsharan,Classroom,Eng_Jyotsharan
1899,CLASS 11 (Bio + Math),Divya Upadhyay,Monday,8,7th Period,1:10 to 1:50,,,Classroom,
1900,CLASS 11 (Bio + Math),Divya Upadhyay,Tuesday,0,Morning Assembly,07:50 to 08:20,Morning Assembly,,Classroom,Morning Assembly
1901,CLASS 11 (Bio + Math),Divya Upadhyay,Tuesday,1,1st Period,08:30 to 9:15,Chem,Divya Upadhyay,Classroom,Chem_Divya Upadhyay
1902,CLASS 11 (Bio + Math),Divya Upadhyay,Tuesday,2,2nd Period,9:15 to 10:00,Chem,Divya Upadhyay,Classroom,Chem_Divya Upadhyay
1903,CLASS 11 (Bio + Math),Divya Upadhyay,Tuesday,3,3rd Period,10:00 to 10:45,Bio / Maths,Ram Kumar / Rajpal,Classroom,Bio_Ram /Math_Rajpal
1904,CLASS 11 (Bio + Math),Divya Upadhyay,Tuesday,4,Lunch,10:45 to 11:05,Lunch,Divya Upadhyay,Classroom,Lunch _ Divya Upadhyay
1905,CLASS 11 (Bio + Math),Divya Upadhyay,Tuesday,5,4th Period,11:05 to 11:50,PE,Shailandra,Ground,PE_Shailandra
1906,CLASS 11 (Bio + Math),Divya Upadhyay,Tuesday,6,5th Period,11:50 to 12:30,Physics,Anuj Jain,Classroom,Physics_Anuj Jain
1907,CLASS 11 (Bio + Math),Divya Upadhyay,Tuesday,7,6th Period,12:30 to 1:10,Eng,Jyotsharan,Classroom,Eng_Jyotsharan
1908,CLASS 11 (Bio + Math),Divya Upadhyay,Tuesday,8,7th Period,1:10 to 1:50,,,Classroom,
1909,CLASS 11 (Bio + Math),Divya Upadhyay,Wednesday,0,Morning Assembly,07:50 to 08:20,Morning Assembly,,Classroom,Morning Assembly
1910,CLASS 11 (Bio + Math),Divya Upadhyay,Wednesday,1,1st Period,08:30 to 9:15,Chem,Divya Upadhyay,Classroom,Chem_Divya Upadhyay
1911,CLASS 11 (Bio + Math),Divya Upadhyay,Wednesday,2,2nd Period,9:15 to 10:00,Chem,Divya Upadhyay,Classroom,Chem_Divya Upadhyay
1912,CLASS 11 (Bio + Math),Divya Upadhyay,Wednesday,3,3rd Period,10:00 to 10:45,Bio / Maths,Ram Kumar / Rajpal,Classroom,Bio_Ram /Math_Rajpal
1913,CLASS 11 (Bio + Math),Divya Upadhyay,Wednesday,4,Lunch,10:45 to 11:05,Lunch,Divya Upadhyay,Classroom,Lunch _ Divya Upadhyay
1914,CLASS 11 (Bio + Math),Divya Upadhyay,Wednesday,5,4th Period,11:05 to 11:50,PE Practical,Geetesh,Classroom,PE Practical_Geetesh
1915,CLASS 11 (Bio + Math),Divya Upadhyay,Wednesday,6,5th Period,11:50 to 12:30,Physics,Anuj Jain,Classroom,Physics_Anuj Jain
1916,CLASS 11 (Bio + Math),Divya Upadhyay,Wednesday,7,6th Period,12:30 to 1:10,Eng,Jyotsharan,Classroom,Eng_Jyotsharan
1917,CLASS 11 (Bio + Math),Divya Upadhyay,Wednesday,8,7th Period,1:10 to 1:50,,,Classroom,
1918,CLASS 11 (Bio + Math),Divya Upadhyay,Thursday,0,Morning Assembly,07:50 to 08:20,Morning Assembly,,Classroom,Morning Assembly
1919,CLASS 11 (Bio + Math),Divya Upadhyay,Thursday,1,1st Period,08:30 to 9:15,Chem,Divya Upadhyay,Classroom,Chem_Divya Upadhyay
1920,CLASS 11 (Bio + Math),Divya Upadhyay,Thursday,2,2nd Period,9:15 to 10:00,Bio / Maths,Ram Kumar / Rajpal,Classroom,Bio_Ram /Math_Rajpal
1921,CLASS 11 (Bio + Math),Divya Upadhyay,Thursday,3,3rd Period,10:00 to 10:45,Bio / Maths,Ram Kumar / Rajpal,Classroom,Bio_Ram /Math_Rajpal
1922,CLASS 11 (Bio + Math),Divya Upadhyay,Thursday,4,Lunch,10:45 to 11:05,Lunch,Divya Upadhyay,Classroom,Lunch _ Divya Upadhyay
1923,CLASS 11 (Bio + Math),Divya Upadhyay,Thursday,5,4th Period,11:05 to 11:50,Eng,Jyotsharan,Classroom,Eng_Jyotsharan
1924,CLASS 11 (Bio + Math),Divya Upadhyay,Thursday,6,5th Period,11:50 to 12:30,Physics,Anuj Jain,Classroom,Physics_Anuj Jain
1925,CLASS 11 (Bio + Math),Divya Upadhyay,Thursday,7,6th Period,12:30 to 1:10,Physics,Anuj Jain,Classroom,Physics_Anuj Jain
1926,CLASS 11 (Bio + Math),Divya Upadhyay,Thursday,8,7th Period,1:10 to 1:50,,,Classroom,
1927,CLASS 11 (Bio + Math),Divya Upadhyay,Friday,0,Morning Assembly,07:50 to 08:20,Morning Assembly,,Classroom,Morning Assembly
1928,CLASS 11 (Bio + Math),Divya Upadhyay,Friday,1,1st Period,08:30 to 9:15,Chem,Divya Upadhyay,Classroom,Chem_Divya Upadhyay
1929,CLASS 11 (Bio + Math),Divya Upadhyay,Friday,2,2nd Period,9:15 to 10:00,Bio / Maths,Ram Kumar / Rajpal,Classroom,Bio_Ram /Math_Rajpal
1930,CLASS 11 (Bio + Math),Divya Upadhyay,Friday,3,3rd Period,10:00 to 10:45,Bio / Maths,Ram Kumar / Rajpal,Classroom,Bio_Ram /Math_Rajpal
1931,CLASS 11 (Bio + Math),Divya Upadhyay,Friday,4,Lunch,10:45 to 11:05,Lunch,Divya Upadhyay,Classroom,Lunch _ Divya Upadhyay
1932,CLASS 11 (Bio + Math),Divya Upadhyay,Friday,5,4th Period,11:05 to 11:50,Eng,Jyotsharan,Classroom,Eng_Jyotsharan
1933,CLASS 11 (Bio + Math),Divya Upadhyay,Friday,6,5th Period,11:50 to 12:30,Physics,Anuj Jain,Classroom,Physics_Anuj Jain
1934,CLASS 11 (Bio + Math),Divya Upadhyay,Friday,7,6th Period,12:30 to 1:10,Physics,Anuj Jain,Classroom,Physics_Anuj Jain
1935,CLASS 11 (Bio + Math),Divya Upadhyay,Friday,8,7th Period,1:10 to 1:50,,,Classroom,
1936,CLASS 11 (Bio + Math),Divya Upadhyay,Saturday,0,Morning Assembly,07:50 to 08:20,Morning Assembly,,Classroom,Morning Assembly
1937,CLASS 11 (Bio + Math),Divya Upadhyay,Saturday,1,1st Period,08:30 to 9:15,Chem,Divya Upadhyay,Classroom,Chem_Divya Upadhyay
1938,CLASS 11 (Bio + Math),Divya Upadhyay,Saturday,2,2nd Period,9:15 to 10:00,Bio / Maths,Ram Kumar / Rajpal,Classroom,Bio_Ram /Math_Rajpal
1939,CLASS 11 (Bio + Math),Divya Upadhyay,Saturday,3,3rd Period,10:00 to 10:45,Bio / Maths,Ram Kumar / Rajpal,Classroom,Bio_Ram /Math_Rajpal
1940,CLASS 11 (Bio + Math),Divya Upadhyay,Saturday,4,Lunch,10:45 to 11:05,Lunch,Divya Upadhyay,Classroom,Lunch _ Divya Upadhyay
1941,CLASS 11 (Bio + Math),Divya Upadhyay,Saturday,5,4th Period,11:05 to 11:50,Eng,Jyotsharan,Classroom,Eng_Jyotsharan
1942,CLASS 11 (Bio + Math),Divya Upadhyay,Saturday,6,5th Period,11:50 to 12:30,Physics,Anuj Jain,Classroom,Physics_Anuj Jain
1943,CLASS 11 (Bio + Math),Divya Upadhyay,Saturday,7,6th Period,12:30 to 1:10,Physics,Anuj Jain,Classroom,Physics_Anuj Jain
1944,CLASS 11 (Bio + Math),Divya Upadhyay,Saturday,8,7th Period,1:10 to 1:50,,,Classroom,
1945,CLASS 11 Comm.,Shailandra,Monday,0,Morning Assembly,07:50 to 08:20,Morning Assembly,,Classroom,Morning Assembly
1946,CLASS 11 Comm.,Shailandra,Monday,1,1st Period,08:30 to 9:15,PE Practical,Geetesh,Classroom,PE Practical_Geetesh
1947,CLASS 11 Comm.,Shailandra,Monday,2,2nd Period,9:15 to 10:00,Eco,Rahul Vishwakarma,Classroom,Eco_Rahul Vishwakarma
1948,CLASS 11 Comm.,Shailandra,Monday,3,3rd Period,10:00 to 10:45,BST,Manish Mathur,Classroom,BST_Manish Mathur
1949,CLASS 11 Comm.,Shailandra,Monday,4,Lunch,10:45 to 11:05,Lunch,Shailandra,Classroom,Lunch _ Shailandra
1950,CLASS 11 Comm.,Shailandra,Monday,5,4th Period,11:05 to 11:50,Eng,Jyotsharan,Classroom,Eng_Jyotsharan
1951,CLASS 11 Comm.,Shailandra,Monday,6,5th Period,11:50 to 12:30,Account,Prashant,Classroom,Account_Prashant
1952,CLASS 11 Comm.,Shailandra,Monday,7,6th Period,12:30 to 1:10,Account,Prashant,Classroom,Account_Prashant
1953,CLASS 11 Comm.,Shailandra,Monday,8,7th Period,1:10 to 1:50,,,Classroom,
1954,CLASS 11 Comm.,Shailandra,Tuesday,0,Morning Assembly,07:50 to 08:20,Morning Assembly,,Classroom,Morning Assembly
1955,CLASS 11 Comm.,Shailandra,Tuesday,1,1st Period,08:30 to 9:15,PE Practical,Geetesh,Classroom,PE Practical_Geetesh
1956,CLASS 11 Comm.,Shailandra,Tuesday,2,2nd Period,9:15 to 10:00,Eco,Rahul Vishwakarma,Classroom,Eco_Rahul Vishwakarma
1957,CLASS 11 Comm.,Shailandra,Tuesday,3,3rd Period,10:00 to 10:45,BST,Manish Mathur,Classroom,BST_Manish Mathur
1958,CLASS 11 Comm.,Shailandra,Tuesday,4,Lunch,10:45 to 11:05,Lunch,Shailandra,Classroom,Lunch _ Shailandra
1959,CLASS 11 Comm.,Shailandra,Tuesday,5,4th Period,11:05 to 11:50,Eng,Jyotsharan,Classroom,Eng_Jyotsharan
1960,CLASS 11 Comm.,Shailandra,Tuesday,6,5th Period,11:50 to 12:30,Account,Prashant,Classroom,Account_Prashant
1961,CLASS 11 Comm.,Shailandra,Tuesday,7,6th Period,12:30 to 1:10,Account,Prashant,Classroom,Account_Prashant
1962,CLASS 11 Comm.,Shailandra,Tuesday,8,7th Period,1:10 to 1:50,,,Classroom,
1963,CLASS 11 Comm.,Shailandra,Wednesday,0,Morning Assembly,07:50 to 08:20,Morning Assembly,,Classroom,Morning Assembly
1964,CLASS 11 Comm.,Shailandra,Wednesday,1,1st Period,08:30 to 9:15,PE Practical,Geetesh,Classroom,PE Practical_Geetesh
1965,CLASS 11 Comm.,Shailandra,Wednesday,2,2nd Period,9:15 to 10:00,Eco,Rahul Vishwakarma,Classroom,Eco_Rahul Vishwakarma
1966,CLASS 11 Comm.,Shailandra,Wednesday,3,3rd Period,10:00 to 10:45,BST,Manish Mathur,Classroom,BST_Manish Mathur
1967,CLASS 11 Comm.,Shailandra,Wednesday,4,Lunch,10:45 to 11:05,Lunch,Shailandra,Classroom,Lunch _ Shailandra
1968,CLASS 11 Comm.,Shailandra,Wednesday,5,4th Period,11:05 to 11:50,Eng,Jyotsharan,Classroom,Eng_Jyotsharan
1969,CLASS 11 Comm.,Shailandra,Wednesday,6,5th Period,11:50 to 12:30,Account,Prashant,Classroom,Account_Prashant
1970,CLASS 11 Comm.,Shailandra,Wednesday,7,6th Period,12:30 to 1:10,Account,Prashant,Classroom,Account_Prashant
1971,CLASS 11 Comm.,Shailandra,Wednesday,8,7th Period,1:10 to 1:50,,,Classroom,
1972,CLASS 11 Comm.,Shailandra,Thursday,0,Morning Assembly,07:50 to 08:20,Morning Assembly,,Classroom,Morning Assembly
1973,CLASS 11 Comm.,Shailandra,Thursday,1,1st Period,08:30 to 9:15,BST,Manish Mathur,Classroom,BST_Manish Mathur
1974,CLASS 11 Comm.,Shailandra,Thursday,2,2nd Period,9:15 to 10:00,Eco,Rahul Vishwakarma,Classroom,Eco_Rahul Vishwakarma
1975,CLASS 11 Comm.,Shailandra,Thursday,3,3rd Period,10:00 to 10:45,Games,Geetesh,Ground,Games_Geetesh
1976,CLASS 11 Comm.,Shailandra,Thursday,4,Lunch,10:45 to 11:05,Lunch,Shailandra,Classroom,Lunch _ Shailandra
1977,CLASS 11 Comm.,Shailandra,Thursday,5,4th Period,11:05 to 11:50,PE Practical,Geetesh,Classroom,PE Practical_Geetesh
1978,CLASS 11 Comm.,Shailandra,Thursday,6,5th Period,11:50 to 12:30,Eng,Jyotsharan,Classroom,Eng_Jyotsharan
1979,CLASS 11 Comm.,Shailandra,Thursday,7,6th Period,12:30 to 1:10,Account,Prashant,Classroom,Account_Prashant
1980,CLASS 11 Comm.,Shailandra,Thursday,8,7th Period,1:10 to 1:50,,,Classroom,
1981,CLASS 11 Comm.,Shailandra,Friday,0,Morning Assembly,07:50 to 08:20,Morning Assembly,,Classroom,Morning Assembly
1982,CLASS 11 Comm.,Shailandra,Friday,1,1st Period,08:30 to 9:15,BST,Manish Mathur,Classroom,BST_Manish Mathur
1983,CLASS 11 Comm.,Shailandra,Friday,2,2nd Period,9:15 to 10:00,Eco,Rahul Vishwakarma,Classroom,Eco_Rahul Vishwakarma
1984,CLASS 11 Comm.,Shailandra,Friday,3,3rd Period,10:00 to 10:45,Games,Geetesh,Ground,Games_Geetesh
1985,CLASS 11 Comm.,Shailandra,Friday,4,Lunch,10:45 to 11:05,Lunch,Shailandra,Classroom,Lunch _ Shailandra
1986,CLASS 11 Comm.,Shailandra,Friday,5,4th Period,11:05 to 11:50,PE,Shailandra,Ground,PE_Shailandra
1987,CLASS 11 Comm.,Shailandra,Friday,6,5th Period,11:50 to 12:30,Eng,Jyotsharan,Classroom,Eng_Jyotsharan
1988,CLASS 11 Comm.,Shailandra,Friday,7,6th Period,12:30 to 1:10,Account,Prashant,Classroom,Account_Prashant
1989,CLASS 11 Comm.,Shailandra,Friday,8,7th Period,1:10 to 1:50,,,Classroom,
1990,CLASS 11 Comm.,Shailandra,Saturday,0,Morning Assembly,07:50 to 08:20,Morning Assembly,,Classroom,Morning Assembly
1991,CLASS 11 Comm.,Shailandra,Saturday,1,1st Period,08:30 to 9:15,BST,Manish Mathur,Classroom,BST_Manish Mathur
1992,CLASS 11 Comm.,Shailandra,Saturday,2,2nd Period,9:15 to 10:00,Eco,Rahul Vishwakarma,Classroom,Eco_Rahul Vishwakarma
1993,CLASS 11 Comm.,Shailandra,Saturday,3,3rd Period,10:00 to 10:45,Games,Geetesh,Ground,Games_Geetesh
1994,CLASS 11 Comm.,Shailandra,Saturday,4,Lunch,10:45 to 11:05,Lunch,Shailandra,Classroom,Lunch _ Shailandra
1995,CLASS 11 Comm.,Shailandra,Saturday,5,4th Period,11:05 to 11:50,PE,Shailandra,Ground,PE_Shailandra
1996,CLASS 11 Comm.,Shailandra,Saturday,6,5th Period,11:50 to 12:30,Eng,Jyotsharan,Classroom,Eng_Jyotsharan
1997,CLASS 11 Comm.,Shailandra,Saturday,7,6th Period,12:30 to 1:10,Account,Prashant,Classroom,Account_Prashant
1998,CLASS 11 Comm.,Shailandra,Saturday,8,7th Period,1:10 to 1:50,,,Classroom,
1999,CLASS 12 (Bio + Math),Ram Kumar,Monday,0,Morning Assembly,07:50 to 08:20,Morning Assembly,,Classroom,Morning Assembly
2000,CLASS 12 (Bio + Math),Ram Kumar,Monday,1,1st Period,08:30 to 9:15,Bio / Maths,Ram Kumar / Rajpal,Classroom,Bio_Ram /Math_Rajpal
2001,CLASS 12 (Bio + Math),Ram Kumar,Monday,2,2nd Period,9:15 to 10:00,Bio / Maths,Ram Kumar / Rajpal,Classroom,Bio_Ram /Math_Rajpal
2002,CLASS 12 (Bio + Math),Ram Kumar,Monday,3,3rd Period,10:00 to 10:45,PE,Shailandra,Ground,PE_Shailandra
2003,CLASS 12 (Bio + Math),Ram Kumar,Monday,4,Lunch,10:45 to 11:05,Lunch,Ram Kumar,Classroom,Lunch _ Ram Kumar
2004,CLASS 12 (Bio + Math),Ram Kumar,Monday,5,4th Period,11:05 to 11:50,Physics,Anuj Jain,Classroom,Physics_Anuj Jain
2005,CLASS 12 (Bio + Math),Ram Kumar,Monday,6,5th Period,11:50 to 12:30,Eng,Jyotsharan,Classroom,Eng_Jyotsharan
2006,CLASS 12 (Bio + Math),Ram Kumar,Monday,7,6th Period,12:30 to 1:10,Chem,Divya Upadhyay,Classroom,Chem_Divya Upadhyay
2007,CLASS 12 (Bio + Math),Ram Kumar,Monday,8,7th Period,1:10 to 1:50,,,Classroom,
2008,CLASS 12 (Bio + Math),Ram Kumar,Tuesday,0,Morning Assembly,07:50 to 08:20,Morning Assembly,,Classroom,Morning Assembly
2009,CLASS 12 (Bio + Math),Ram Kumar,Tuesday,1,1st Period,08:30 to 9:15,Bio / Maths,Ram Kumar / Rajpal,Classroom,Bio_Ram /Math_Rajpal
2010,CLASS 12 (Bio + Math),Ram Kumar,Tuesday,2,2nd Period,9:15 to 10:00,Bio / Maths,Ram Kumar / Rajpal,Classroom,Bio_Ram /Math_Rajpal
2011,CLASS 12 (Bio + Math),Ram Kumar,Tuesday,3,3rd Period,10:00 to 10:45,PE,Shailandra,Ground,PE_Shailandra
2012,CLASS 12 (Bio + Math),Ram Kumar,Tuesday,4,Lunch,10:45 to 11:05,Lunch,Ram Kumar,Classroom,Lunch _ Ram Kumar
2013,CLASS 12 (Bio + Math),Ram Kumar,Tuesday,5,4th Period,11:05 to 11:50,Physics,Anuj Jain,Classroom,Physics_Anuj Jain
2014,CLASS 12 (Bio + Math),Ram Kumar,Tuesday,6,5th Period,11:50 to 12:30,Eng,Jyotsharan,Classroom,Eng_Jyotsharan
2015,CLASS 12 (Bio + Math),Ram Kumar,Tuesday,7,6th Period,12:30 to 1:10,Chem,Divya Upadhyay,Classroom,Chem_Divya Upadhyay
2016,CLASS 12 (Bio + Math),Ram Kumar,Tuesday,8,7th Period,1:10 to 1:50,,,Classroom,
2017,CLASS 12 (Bio + Math),Ram Kumar,Wednesday,0,Morning Assembly,07:50 to 08:20,Morning Assembly,,Classroom,Morning Assembly
2018,CLASS 12 (Bio + Math),Ram Kumar,Wednesday,1,1st Period,08:30 to 9:15,Bio / Maths,Ram Kumar / Rajpal,Classroom,Bio_Ram /Math_Rajpal
2019,CLASS 12 (Bio + Math),Ram Kumar,Wednesday,2,2nd Period,9:15 to 10:00,Bio / Maths,Ram Kumar / Rajpal,Classroom,Bio_Ram /Math_Rajpal
2020,CLASS 12 (Bio + Math),Ram Kumar,Wednesday,3,3rd Period,10:00 to 10:45,Games,Geetesh,Ground,Games_Geetesh
2021,CLASS 12 (Bio + Math),Ram Kumar,Wednesday,4,Lunch,10:45 to 11:05,Lunch,Ram Kumar,Classroom,Lunch _ Ram Kumar
2022,CLASS 12 (Bio + Math),Ram Kumar,Wednesday,5,4th Period,11:05 to 11:50,Physics,Anuj Jain,Classroom,Physics_Anuj Jain
2023,CLASS 12 (Bio + Math),Ram Kumar,Wednesday,6,5th Period,11:50 to 12:30,Eng,Jyotsharan,Classroom,Eng_Jyotsharan
2024,CLASS 12 (Bio + Math),Ram Kumar,Wednesday,7,6th Period,12:30 to 1:10,Chem,Divya Upadhyay,Classroom,Chem_Divya Upadhyay
2025,CLASS 12 (Bio + Math),Ram Kumar,Wednesday,8,7th Period,1:10 to 1:50,,,Classroom,
2026,CLASS 12 (Bio + Math),Ram Kumar,Thursday,0,Morning Assembly,07:50 to 08:20,Morning Assembly,,Classroom,Morning Assembly
2027,CLASS 12 (Bio + Math),Ram Kumar,Thursday,1,1st Period,08:30 to 9:15,Bio / Maths,Ram Kumar / Rajpal,Classroom,Bio_Ram /Math_Rajpal
2028,CLASS 12 (Bio + Math),Ram Kumar,Thursday,2,2nd Period,9:15 to 10:00,Eng,Jyotsharan,Classroom,Eng_Jyotsharan
2029,CLASS 12 (Bio + Math),Ram Kumar,Thursday,3,3rd Period,10:00 to 10:45,Physics,Anuj Jain,Classroom,Physics_Anuj Jain
2030,CLASS 12 (Bio + Math),Ram Kumar,Thursday,4,Lunch,10:45 to 11:05,Lunch,Ram Kumar,Classroom,Lunch _ Ram Kumar
2031,CLASS 12 (Bio + Math),Ram Kumar,Thursday,5,4th Period,11:05 to 11:50,Physics,Anuj Jain,Classroom,Physics_Anuj Jain
2032,CLASS 12 (Bio + Math),Ram Kumar,Thursday,6,5th Period,11:50 to 12:30,Chem,Divya Upadhyay,Classroom,Chem_Divya Upadhyay
2033,CLASS 12 (Bio + Math),Ram Kumar,Thursday,7,6th Period,12:30 to 1:10,Chem,Divya Upadhyay,Classroom,Chem_Divya Upadhyay
2034,CLASS 12 (Bio + Math),Ram Kumar,Thursday,8,7th Period,1:10 to 1:50,,,Classroom,
2035,CLASS 12 (Bio + Math),Ram Kumar,Friday,0,Morning Assembly,07:50 to 08:20,Morning Assembly,,Classroom,Morning Assembly
2036,CLASS 12 (Bio + Math),Ram Kumar,Friday,1,1st Period,08:30 to 9:15,Bio / Maths,Ram Kumar / Rajpal,Classroom,Bio_Ram /Math_Rajpal
2037,CLASS 12 (Bio + Math),Ram Kumar,Friday,2,2nd Period,9:15 to 10:00,Eng,Jyotsharan,Classroom,Eng_Jyotsharan
2038,CLASS 12 (Bio + Math),Ram Kumar,Friday,3,3rd Period,10:00 to 10:45,Physics,Anuj Jain,Classroom,Physics_Anuj Jain
2039,CLASS 12 (Bio + Math),Ram Kumar,Friday,4,Lunch,10:45 to 11:05,Lunch,Ram Kumar,Classroom,Lunch _ Ram Kumar
2040,CLASS 12 (Bio + Math),Ram Kumar,Friday,5,4th Period,11:05 to 11:50,Physics,Anuj Jain,Classroom,Physics_Anuj Jain
2041,CLASS 12 (Bio + Math),Ram Kumar,Friday,6,5th Period,11:50 to 12:30,Chem,Divya Upadhyay,Classroom,Chem_Divya Upadhyay
2042,CLASS 12 (Bio + Math),Ram Kumar,Friday,7,6th Period,12:30 to 1:10,Chem,Divya Upadhyay,Classroom,Chem_Divya Upadhyay
2043,CLASS 12 (Bio + Math),Ram Kumar,Friday,8,7th Period,1:10 to 1:50,,,Classroom,
2044,CLASS 12 (Bio + Math),Ram Kumar,Saturday,0,Morning Assembly,07:50 to 08:20,Morning Assembly,,Classroom,Morning Assembly
2045,CLASS 12 (Bio + Math),Ram Kumar,Saturday,1,1st Period,08:30 to 9:15,Bio / Maths,Ram Kumar / Rajpal,Classroom,Bio_Ram /Math_Rajpal
2046,CLASS 12 (Bio + Math),Ram Kumar,Saturday,2,2nd Period,9:15 to 10:00,Eng,Jyotsharan,Classroom,Eng_Jyotsharan
2047,CLASS 12 (Bio + Math),Ram Kumar,Saturday,3,3rd Period,10:00 to 10:45,Physics,Anuj Jain,Classroom,Physics_Anuj Jain
2048,CLASS 12 (Bio + Math),Ram Kumar,Saturday,4,Lunch,10:45 to 11:05,Lunch,Ram Kumar,Classroom,Lunch _ Ram Kumar
2049,CLASS 12 (Bio + Math),Ram Kumar,Saturday,5,4th Period,11:05 to 11:50,Physics,Anuj Jain,Classroom,Physics_Anuj Jain
2050,CLASS 12 (Bio + Math),Ram Kumar,Saturday,6,5th Period,11:50 to 12:30,Chem,Divya Upadhyay,Classroom,Chem_Divya Upadhyay
2051,CLASS 12 (Bio + Math),Ram Kumar,Saturday,7,6th Period,12:30 to 1:10,Chem,Divya Upadhyay,Classroom,Chem_Divya Upadhyay
2052,CLASS 12 (Bio + Math),Ram Kumar,Saturday,8,7th Period,1:10 to 1:50,,,Classroom,
2053,CLASS 12 (Comm.),Rahul Vishwakarma,Monday,0,Morning Assembly,07:50 to 08:20,Morning Assembly,,Classroom,Morning Assembly
2054,CLASS 12 (Comm.),Rahul Vishwakarma,Monday,1,1st Period,08:30 to 9:15,Eco,Rahul Vishwakarma,Classroom,Eco_Rahul Vishwakarma
2055,CLASS 12 (Comm.),Rahul Vishwakarma,Monday,2,2nd Period,9:15 to 10:00,BST,Manish Mathur,Classroom,BST_Manish Mathur
2056,CLASS 12 (Comm.),Rahul Vishwakarma,Monday,3,3rd Period,10:00 to 10:45,Eng,Jyotsharan,Classroom,Eng_Jyotsharan
2057,CLASS 12 (Comm.),Rahul Vishwakarma,Monday,4,Lunch,10:45 to 11:05,Lunch,Rahul Vishwakarma,Classroom,Lunch _ Rahul Vishwakarma
2058,CLASS 12 (Comm.),Rahul Vishwakarma,Monday,5,4th Period,11:05 to 11:50,Account,Rahul Vishwakarma,Classroom,Account_Rahul Vishwakarma
2059,CLASS 12 (Comm.),Rahul Vishwakarma,Monday,6,5th Period,11:50 to 12:30,PE Practical,Geetesh,Classroom,PE Practical_Geetesh
2060,CLASS 12 (Comm.),Rahul Vishwakarma,Monday,7,6th Period,12:30 to 1:10,PE,Shailandra,Ground,PE_Shailandra
2061,CLASS 12 (Comm.),Rahul Vishwakarma,Monday,8,7th Period,1:10 to 1:50,,,Classroom,
2062,CLASS 12 (Comm.),Rahul Vishwakarma,Tuesday,0,Morning Assembly,07:50 to 08:20,Morning Assembly,,Classroom,Morning Assembly
2063,CLASS 12 (Comm.),Rahul Vishwakarma,Tuesday,1,1st Period,08:30 to 9:15,Eco,Rahul Vishwakarma,Classroom,Eco_Rahul Vishwakarma
2064,CLASS 12 (Comm.),Rahul Vishwakarma,Tuesday,2,2nd Period,9:15 to 10:00,BST,Manish Mathur,Classroom,BST_Manish Mathur
2065,CLASS 12 (Comm.),Rahul Vishwakarma,Tuesday,3,3rd Period,10:00 to 10:45,Eng,Jyotsharan,Classroom,Eng_Jyotsharan
2066,CLASS 12 (Comm.),Rahul Vishwakarma,Tuesday,4,Lunch,10:45 to 11:05,Lunch,Rahul Vishwakarma,Classroom,Lunch _ Rahul Vishwakarma
2067,CLASS 12 (Comm.),Rahul Vishwakarma,Tuesday,5,4th Period,11:05 to 11:50,Account,Rahul Vishwakarma,Classroom,Account_Rahul Vishwakarma
2068,CLASS 12 (Comm.),Rahul Vishwakarma,Tuesday,6,5th Period,11:50 to 12:30,PE Practical,Geetesh,Classroom,PE Practical_Geetesh
2069,CLASS 12 (Comm.),Rahul Vishwakarma,Tuesday,7,6th Period,12:30 to 1:10,PE,Shailandra,Ground,PE_Shailandra
2070,CLASS 12 (Comm.),Rahul Vishwakarma,Tuesday,8,7th Period,1:10 to 1:50,,,Classroom,
2071,CLASS 12 (Comm.),Rahul Vishwakarma,Wednesday,0,Morning Assembly,07:50 to 08:20,Morning Assembly,,Classroom,Morning Assembly
2072,CLASS 12 (Comm.),Rahul Vishwakarma,Wednesday,1,1st Period,08:30 to 9:15,Eco,Rahul Vishwakarma,Classroom,Eco_Rahul Vishwakarma
2073,CLASS 12 (Comm.),Rahul Vishwakarma,Wednesday,2,2nd Period,9:15 to 10:00,BST,Manish Mathur,Classroom,BST_Manish Mathur
2074,CLASS 12 (Comm.),Rahul Vishwakarma,Wednesday,3,3rd Period,10:00 to 10:45,Eng,Jyotsharan,Classroom,Eng_Jyotsharan
2075,CLASS 12 (Comm.),Rahul Vishwakarma,Wednesday,4,Lunch,10:45 to 11:05,Lunch,Rahul Vishwakarma,Classroom,Lunch _ Rahul Vishwakarma
2076,CLASS 12 (Comm.),Rahul Vishwakarma,Wednesday,5,4th Period,11:05 to 11:50,Account,Rahul Vishwakarma,Classroom,Account_Rahul Vishwakarma
2077,CLASS 12 (Comm.),Rahul Vishwakarma,Wednesday,6,5th Period,11:50 to 12:30,PE Practical,Geetesh,Classroom,PE Practical_Geetesh
2078,CLASS 12 (Comm.),Rahul Vishwakarma,Wednesday,7,6th Period,12:30 to 1:10,PE Practical,Geetesh,Classroom,PE Practical_Geetesh
2079,CLASS 12 (Comm.),Rahul Vishwakarma,Wednesday,8,7th Period,1:10 to 1:50,,,Classroom,
2080,CLASS 12 (Comm.),Rahul Vishwakarma,Thursday,0,Morning Assembly,07:50 to 08:20,Morning Assembly,,Classroom,Morning Assembly
2081,CLASS 12 (Comm.),Rahul Vishwakarma,Thursday,1,1st Period,08:30 to 9:15,Eco,Rahul Vishwakarma,Classroom,Eco_Rahul Vishwakarma
2082,CLASS 12 (Comm.),Rahul Vishwakarma,Thursday,2,2nd Period,9:15 to 10:00,BST,Manish Mathur,Classroom,BST_Manish Mathur
2083,CLASS 12 (Comm.),Rahul Vishwakarma,Thursday,3,3rd Period,10:00 to 10:45,Games,Geetesh,Ground,Games_Geetesh
2084,CLASS 12 (Comm.),Rahul Vishwakarma,Thursday,4,Lunch,10:45 to 11:05,Lunch,Rahul Vishwakarma,Classroom,Lunch _ Rahul Vishwakarma
2085,CLASS 12 (Comm.),Rahul Vishwakarma,Thursday,5,4th Period,11:05 to 11:50,Account,Rahul Vishwakarma,Classroom,Account_Rahul Vishwakarma
2086,CLASS 12 (Comm.),Rahul Vishwakarma,Thursday,6,5th Period,11:50 to 12:30,Account,Rahul Vishwakarma,Classroom,Account_Rahul Vishwakarma
2087,CLASS 12 (Comm.),Rahul Vishwakarma,Thursday,7,6th Period,12:30 to 1:10,Eng,Jyotsharan,Classroom,Eng_Jyotsharan
2088,CLASS 12 (Comm.),Rahul Vishwakarma,Thursday,8,7th Period,1:10 to 1:50,,,Classroom,
2089,CLASS 12 (Comm.),Rahul Vishwakarma,Friday,0,Morning Assembly,07:50 to 08:20,Morning Assembly,,Classroom,Morning Assembly
2090,CLASS 12 (Comm.),Rahul Vishwakarma,Friday,1,1st Period,08:30 to 9:15,Eco,Rahul Vishwakarma,Classroom,Eco_Rahul Vishwakarma
2091,CLASS 12 (Comm.),Rahul Vishwakarma,Friday,2,2nd Period,9:15 to 10:00,BST,Manish Mathur,Classroom,BST_Manish Mathur
2092,CLASS 12 (Comm.),Rahul Vishwakarma,Friday,3,3rd Period,10:00 to 10:45,Games,Geetesh,Ground,Games_Geetesh
2093,CLASS 12 (Comm.),Rahul Vishwakarma,Friday,4,Lunch,10:45 to 11:05,Lunch,Rahul Vishwakarma,Classroom,Lunch _ Rahul Vishwakarma
2094,CLASS 12 (Comm.),Rahul Vishwakarma,Friday,5,4th Period,11:05 to 11:50,Account,Rahul Vishwakarma,Classroom,Account_Rahul Vishwakarma
2095,CLASS 12 (Comm.),Rahul Vishwakarma,Friday,6,5th Period,11:50 to 12:30,Account,Rahul Vishwakarma,Classroom,Account_Rahul Vishwakarma
2096,CLASS 12 (Comm.),Rahul Vishwakarma,Friday,7,6th Period,12:30 to 1:10,Eng,Jyotsharan,Classroom,Eng_Jyotsharan
2097,CLASS 12 (Comm.),Rahul Vishwakarma,Friday,8,7th Period,1:10 to 1:50,,,Classroom,
2098,CLASS 12 (Comm.),Rahul Vishwakarma,Saturday,0,Morning Assembly,07:50 to 08:20,Morning Assembly,,Classroom,Morning Assembly
2099,CLASS 12 (Comm.),Rahul Vishwakarma,Saturday,1,1st Period,08:30 to 9:15,Eco,Rahul Vishwakarma,Classroom,Eco_Rahul Vishwakarma
2100,CLASS 12 (Comm.),Rahul Vishwakarma,Saturday,2,2nd Period,9:15 to 10:00,BST,Manish Mathur,Classroom,BST_Manish Mathur
2101,CLASS 12 (Comm.),Rahul Vishwakarma,Saturday,3,3rd Period,10:00 to 10:45,Games,Geetesh,Ground,Games_Geetesh
2102,CLASS 12 (Comm.),Rahul Vishwakarma,Saturday,4,Lunch,10:45 to 11:05,Lunch,Rahul Vishwakarma,Classroom,Lunch _ Rahul Vishwakarma
2103,CLASS 12 (Comm.),Rahul Vishwakarma,Saturday,5,4th Period,11:05 to 11:50,Account,Rahul Vishwakarma,Classroom,Account_Rahul Vishwakarma
2104,CLASS 12 (Comm.),Rahul Vishwakarma,Saturday,6,5th Period,11:50 to 12:30,Account,Rahul Vishwakarma,Classroom,Account_Rahul Vishwakarma
2105,CLASS 12 (Comm.),Rahul Vishwakarma,Saturday,7,6th Period,12:30 to 1:10,Eng,Jyotsharan,Classroom,Eng_Jyotsharan
2106,CLASS 12 (Comm.),Rahul Vishwakarma,Saturday,8,7th Period,1:10 to 1:50,,,Classroom,
2107,CLASS 12 (Arts),Rahul Vishwakarma,Monday,0,Morning Assembly,07:50 to 08:20,Morning Assembly,,Classroom,Morning Assembly
2108,CLASS 12 (Arts),Rahul Vishwakarma,Monday,1,1st Period,08:30 to 9:15,Eco,Rahul Vishwakarma,Classroom,Eco_Rahul Vishwakarma
2109,CLASS 12 (Arts),Rahul Vishwakarma,Monday,2,2nd Period,9:15 to 10:00,Library,Shantanu,Classroom,Library_Shantanu
2110,CLASS 12 (Arts),Rahul Vishwakarma,Monday,3,3rd Period,10:00 to 10:45,Eng,Jyotsharan,Classroom,Eng_Jyotsharan
2111,CLASS 12 (Arts),Rahul Vishwakarma,Monday,4,Lunch,10:45 to 11:05,Lunch,Rahul Vishwakarma,Classroom,Lunch _ Rahul Vishwakarma
2112,CLASS 12 (Arts),Rahul Vishwakarma,Monday,5,4th Period,11:05 to 11:50,Political Sci,Prashant,Classroom,Political Sci_Prashant
2113,CLASS 12 (Arts),Rahul Vishwakarma,Monday,6,5th Period,11:50 to 12:30,Geo,Manish Mathur,Classroom,Geo_Manish Mathur
2114,CLASS 12 (Arts),Rahul Vishwakarma,Monday,7,6th Period,12:30 to 1:10,PE,Shailandra,Ground,PE_Shailandra
2115,CLASS 12 (Arts),Rahul Vishwakarma,Monday,8,7th Period,1:10 to 1:50,,,Classroom,
2116,CLASS 12 (Arts),Rahul Vishwakarma,Tuesday,0,Morning Assembly,07:50 to 08:20,Morning Assembly,,Classroom,Morning Assembly
2117,CLASS 12 (Arts),Rahul Vishwakarma,Tuesday,1,1st Period,08:30 to 9:15,Eco,Rahul Vishwakarma,Classroom,Eco_Rahul Vishwakarma
2118,CLASS 12 (Arts),Rahul Vishwakarma,Tuesday,2,2nd Period,9:15 to 10:00,Library,Shantanu,Classroom,Library_Shantanu
2119,CLASS 12 (Arts),Rahul Vishwakarma,Tuesday,3,3rd Period,10:00 to 10:45,Eng,Jyotsharan,Classroom,Eng_Jyotsharan
2120,CLASS 12 (Arts),Rahul Vishwakarma,Tuesday,4,Lunch,10:45 to 11:05,Lunch,Rahul Vishwakarma,Classroom,Lunch _ Rahul Vishwakarma
2121,CLASS 12 (Arts),Rahul Vishwakarma,Tuesday,5,4th Period,11:05 to 11:50,Political Sci,Prashant,Classroom,Political Sci_Prashant
2122,CLASS 12 (Arts),Rahul Vishwakarma,Tuesday,6,5th Period,11:50 to 12:30,Geo,Manish Mathur,Classroom,Geo_Manish Mathur
2123,CLASS 12 (Arts),Rahul Vishwakarma,Tuesday,7,6th Period,12:30 to 1:10,PE,Shailandra,Ground,PE_Shailandra
2124,CLASS 12 (Arts),Rahul Vishwakarma,Tuesday,8,7th Period,1:10 to 1:50,,,Classroom,
2125,CLASS 12 (Arts),Rahul Vishwakarma,Wednesday,0,Morning Assembly,07:50 to 08:20,Morning Assembly,,Classroom,Morning Assembly
2126,CLASS 12 (Arts),Rahul Vishwakarma,Wednesday,1,1st Period,08:30 to 9:15,Eco,Rahul Vishwakarma,Classroom,Eco_Rahul Vishwakarma
2127,CLASS 12 (Arts),Rahul Vishwakarma,Wednesday,2,2nd Period,9:15 to 10:00,Library,Shantanu,Classroom,Library_Shantanu
2128,CLASS 12 (Arts),Rahul Vishwakarma,Wednesday,3,3rd Period,10:00 to 10:45,Eng,Jyotsharan,Classroom,Eng_Jyotsharan
2129,CLASS 12 (Arts),Rahul Vishwakarma,Wednesday,4,Lunch,10:45 to 11:05,Lunch,Rahul Vishwakarma,Classroom,Lunch _ Rahul Vishwakarma
2130,CLASS 12 (Arts),Rahul Vishwakarma,Wednesday,5,4th Period,11:05 to 11:50,Political Sci,Prashant,Classroom,Political Sci_Prashant
2131,CLASS 12 (Arts),Rahul Vishwakarma,Wednesday,6,5th Period,11:50 to 12:30,Geo,Manish Mathur,Classroom,Geo_Manish Mathur
2132,CLASS 12 (Arts),Rahul Vishwakarma,Wednesday,7,6th Period,12:30 to 1:10,PE Practical,Geetesh,Classroom,PE Practical_Geetesh
2133,CLASS 12 (Arts),Rahul Vishwakarma,Wednesday,8,7th Period,1:10 to 1:50,,,Classroom,
2134,CLASS 12 (Arts),Rahul Vishwakarma,Thursday,0,Morning Assembly,07:50 to 08:20,Morning Assembly,,Classroom,Morning Assembly
2135,CLASS 12 (Arts),Rahul Vishwakarma,Thursday,1,1st Period,08:30 to 9:15,Eco,Rahul Vishwakarma,Classroom,Eco_Rahul Vishwakarma
2136,CLASS 12 (Arts),Rahul Vishwakarma,Thursday,2,2nd Period,9:15 to 10:00,Library,Shantanu,Classroom,Library_Shantanu
2137,CLASS 12 (Arts),Rahul Vishwakarma,Thursday,3,3rd Period,10:00 to 10:45,Geo,Manish Mathur,Classroom,Geo_Manish Mathur
2138,CLASS 12 (Arts),Rahul Vishwakarma,Thursday,4,Lunch,10:45 to 11:05,Lunch,Rahul Vishwakarma,Classroom,Lunch _ Rahul Vishwakarma
2139,CLASS 12 (Arts),Rahul Vishwakarma,Thursday,5,4th Period,11:05 to 11:50,PE Practical,Geetesh,Classroom,PE Practical_Geetesh
2140,CLASS 12 (Arts),Rahul Vishwakarma,Thursday,6,5th Period,11:50 to 12:30,Political Sci,Prashant,Classroom,Political Sci_Prashant
2141,CLASS 12 (Arts),Rahul Vishwakarma,Thursday,7,6th Period,12:30 to 1:10,Eng,Jyotsharan,Classroom,Eng_Jyotsharan
2142,CLASS 12 (Arts),Rahul Vishwakarma,Thursday,8,7th Period,1:10 to 1:50,,,Classroom,
2143,CLASS 12 (Arts),Rahul Vishwakarma,Friday,0,Morning Assembly,07:50 to 08:20,Morning Assembly,,Classroom,Morning Assembly
2144,CLASS 12 (Arts),Rahul Vishwakarma,Friday,1,1st Period,08:30 to 9:15,Eco,Rahul Vishwakarma,Classroom,Eco_Rahul Vishwakarma
2145,CLASS 12 (Arts),Rahul Vishwakarma,Friday,2,2nd Period,9:15 to 10:00,Library,Shantanu,Classroom,Library_Shantanu
2146,CLASS 12 (Arts),Rahul Vishwakarma,Friday,3,3rd Period,10:00 to 10:45,Geo,Manish Mathur,Classroom,Geo_Manish Mathur
2147,CLASS 12 (Arts),Rahul Vishwakarma,Friday,4,Lunch,10:45 to 11:05,Lunch,Rahul Vishwakarma,Classroom,Lunch _ Rahul Vishwakarma
2148,CLASS 12 (Arts),Rahul Vishwakarma,Friday,5,4th Period,11:05 to 11:50,PE Practical,Geetesh,Classroom,PE Practical_Geetesh
2149,CLASS 12 (Arts),Rahul Vishwakarma,Friday,6,5th Period,11:50 to 12:30,Political Sci,Prashant,Classroom,Political Sci_Prashant
2150,CLASS 12 (Arts),Rahul Vishwakarma,Friday,7,6th Period,12:30 to 1:10,Eng,Jyotsharan,Classroom,Eng_Jyotsharan
2151,CLASS 12 (Arts),Rahul Vishwakarma,Friday,8,7th Period,1:10 to 1:50,,,Classroom,
2152,CLASS 12 (Arts),Rahul Vishwakarma,Saturday,0,Morning Assembly,07:50 to 08:20,Morning Assembly,,Classroom,Morning Assembly
2153,CLASS 12 (Arts),Rahul Vishwakarma,Saturday,1,1st Period,08:30 to 9:15,Eco,Rahul Vishwakarma,Classroom,Eco_Rahul Vishwakarma
2154,CLASS 12 (Arts),Rahul Vishwakarma,Saturday,2,2nd Period,9:15 to 10:00,Library,Shantanu,Classroom,Library_Shantanu
2155,CLASS 12 (Arts),Rahul Vishwakarma,Saturday,3,3rd Period,10:00 to 10:45,Geo,Manish Mathur,Classroom,Geo_Manish Mathur
2156,CLASS 12 (Arts),Rahul Vishwakarma,Saturday,4,Lunch,10:45 to 11:05,Lunch,Rahul Vishwakarma,Classroom,Lunch _ Rahul Vishwakarma
2157,CLASS 12 (Arts),Rahul Vishwakarma,Saturday,5,4th Period,11:05 to 11:50,PE Practical,Geetesh,Classroom,PE Practical_Geetesh
2158,CLASS 12 (Arts),Rahul Vishwakarma,Saturday,6,5th Period,11:50 to 12:30,Political Sci,Prashant,Classroom,Political Sci_Prashant
2159,CLASS 12 (Arts),Rahul Vishwakarma,Saturday,7,6th Period,12:30 to 1:10,Eng,Jyotsharan,Classroom,Eng_Jyotsharan
2160,CLASS 12 (Arts),Rahul Vishwakarma,Saturday,8,7th Period,1:10 to 1:50,,,Classroom,
